<Events><Event><System><Provider Name="IIS AspNetCore Module V2"/><EventID>1032</EventID><Level>4</Level><Task>0</Task><Keywords>Keywords</Keywords><TimeCreated SystemTime="2025-10-06T11:14:38Z"/><EventRecordID>4589234</EventRecordID><Channel>Application</Channel><Computer>dw1ldwk00001N</Computer><Security/></System><EventData><Data>Application 'C:\home\site\wwwroot\' started successfully.</Data><Data>Process Id: 7376.</Data><Data>File Version: 19.0.25119.5. Description: IIS ASP.NET Core Module V2 Request Handler. Commit: </Data></EventData></Event><Event><System><Provider Name="IIS AspNetCore Module V2"/><EventID>1033</EventID><Level>4</Level><Task>0</Task><Keywords>Keywords</Keywords><TimeCreated SystemTime="2025-10-06T11:14:45Z"/><EventRecordID>4596656</EventRecordID><Channel>Application</Channel><Computer>dw1ldwk00001N</Computer><Security/></System><EventData><Data>Application 'MACHINE/WEBROOT/APPHOST/SAALITICKETSAPICLEAN' has shutdown.</Data><Data>Process Id: 7376.</Data><Data>File Version: 19.0.25119.5. Description: IIS ASP.NET Core Module V2 Request Handler. Commit: </Data></EventData></Event><Event><System><Provider Name="IIS AspNetCore Module V2"/><EventID>1032</EventID><Level>4</Level><Task>0</Task><Keywords>Keywords</Keywords><TimeCreated SystemTime="2025-10-06T11:14:47Z"/><EventRecordID>4598875</EventRecordID><Channel>Application</Channel><Computer>dw1ldwk00001N</Computer><Security/></System><EventData><Data>Application 'C:\home\site\wwwroot\' started successfully.</Data><Data>Process Id: 8608.</Data><Data>File Version: 19.0.25119.5. Description: IIS ASP.NET Core Module V2 Request Handler. Commit: </Data></EventData></Event><Event><System><Provider Name=".NET Runtime"/><EventID>1000</EventID><Level>2</Level><Task>0</Task><Keywords>Keywords</Keywords><TimeCreated SystemTime="2025-10-06T11:14:48Z"/><EventRecordID>4599031</EventRecordID><Channel>Application</Channel><Computer>dw1ldwk00001N</Computer><Security/></System><EventData><Data>Category: Program
EventId: 0
SpanId: c3ac992158035323
TraceId: 43b1043de2bb10e4ca9b37a864bdc6b6
ParentId: 0000000000000000
RequestId: 40000034-0003-fc00-b63f-84710c7967bb
RequestPath: /diag/file/raw

File does not exist at path: C:\local\Temp\tickets.json
</Data></EventData></Event><Event><System><Provider Name="IIS AspNetCore Module V2"/><EventID>1033</EventID><Level>4</Level><Task>0</Task><Keywords>Keywords</Keywords><TimeCreated SystemTime="2025-10-06T11:53:27Z"/><EventRecordID>6918093</EventRecordID><Channel>Application</Channel><Computer>dw1ldwk00001N</Computer><Security/></System><EventData><Data>Application 'MACHINE/WEBROOT/APPHOST/SAALITICKETSAPICLEAN' has shutdown.</Data><Data>Process Id: 8608.</Data><Data>File Version: 19.0.25119.5. Description: IIS ASP.NET Core Module V2 Request Handler. Commit: </Data></EventData></Event><Event><System><Provider Name="IIS AspNetCore Module V2"/><EventID>1032</EventID><Level>4</Level><Task>0</Task><Keywords>Keywords</Keywords><TimeCreated SystemTime="2025-10-06T12:02:00Z"/><EventRecordID>3021890</EventRecordID><Channel>Application</Channel><Computer>DW0LDWK000015</Computer><Security/></System><EventData><Data>Application 'C:\home\site\wwwroot\' started successfully.</Data><Data>Process Id: 3128.</Data><Data>File Version: 19.0.25119.5. Description: IIS ASP.NET Core Module V2 Request Handler. Commit: </Data></EventData></Event><Event><System><Provider Name="IIS AspNetCore Module V2"/><EventID>1012</EventID><Level>4</Level><Task>0</Task><Keywords>Keywords</Keywords><TimeCreated SystemTime="2025-10-06T16:48:42Z"/><EventRecordID>20223687</EventRecordID><Channel>Application</Channel><Computer>DW0LDWK000015</Computer><Security/></System><EventData><Data>Application 'C:\home\site\wwwroot\' was recycled after detecting app_offline.htm.</Data><Data>Process Id: 3128.</Data><Data>File Version: 19.0.25119.5. Description: IIS ASP.NET Core Module V2 Request Handler. Commit: </Data></EventData></Event><Event><System><Provider Name="IIS AspNetCore Module V2"/><EventID>1033</EventID><Level>4</Level><Task>0</Task><Keywords>Keywords</Keywords><TimeCreated SystemTime="2025-10-06T16:48:42Z"/><EventRecordID>20223750</EventRecordID><Channel>Application</Channel><Computer>DW0LDWK000015</Computer><Security/></System><EventData><Data>Application 'MACHINE/WEBROOT/APPHOST/SAALITICKETSAPICLEAN' has shutdown.</Data><Data>Process Id: 3128.</Data><Data>File Version: 19.0.25119.5. Description: IIS ASP.NET Core Module V2 Request Handler. Commit: </Data></EventData></Event><Event><System><Provider Name=".NET Runtime"/><EventID>1000</EventID><Level>2</Level><Task>0</Task><Keywords>Keywords</Keywords><TimeCreated SystemTime="2025-10-06T16:49:09Z"/><EventRecordID>20251062</EventRecordID><Channel>Application</Channel><Computer>DW0LDWK000015</Computer><Security/></System><EventData><Data>Category: Microsoft.AspNetCore.DataProtection.KeyManagement.XmlKeyManager
EventId: 35

No XML encryptor configured. Key {ec32575b-13ea-4b4a-a0b4-bbcc1c100b46} may be persisted to storage in unencrypted form.
</Data></EventData></Event><Event><System><Provider Name="IIS AspNetCore Module V2"/><EventID>1032</EventID><Level>4</Level><Task>0</Task><Keywords>Keywords</Keywords><TimeCreated SystemTime="2025-10-06T16:49:09Z"/><EventRecordID>20251218</EventRecordID><Channel>Application</Channel><Computer>DW0LDWK000015</Computer><Security/></System><EventData><Data>Application 'C:\home\site\wwwroot\' started successfully.</Data><Data>Process Id: 5704.</Data><Data>File Version: 19.0.25119.5. Description: IIS ASP.NET Core Module V2 Request Handler. Commit: </Data></EventData></Event><Event><System><Provider Name="IIS AspNetCore Module V2"/><EventID>1033</EventID><Level>4</Level><Task>0</Task><Keywords>Keywords</Keywords><TimeCreated SystemTime="2025-10-06T17:11:08Z"/><EventRecordID>21569765</EventRecordID><Channel>Application</Channel><Computer>DW0LDWK000015</Computer><Security/></System><EventData><Data>Application 'MACHINE/WEBROOT/APPHOST/SAALITICKETSAPICLEAN' has shutdown.</Data><Data>Process Id: 5704.</Data><Data>File Version: 19.0.25119.5. Description: IIS ASP.NET Core Module V2 Request Handler. Commit: </Data></EventData></Event><Event><System><Provider Name="IIS AspNetCore Module V2"/><EventID>1032</EventID><Level>4</Level><Task>0</Task><Keywords>Keywords</Keywords><TimeCreated SystemTime="2025-10-06T17:54:51Z"/><EventRecordID>18220796</EventRecordID><Channel>Application</Channel><Computer>dw1ldwk00001K</Computer><Security/></System><EventData><Data>Application 'C:\home\site\wwwroot\' started successfully.</Data><Data>Process Id: 7888.</Data><Data>File Version: 19.0.25119.5. Description: IIS ASP.NET Core Module V2 Request Handler. Commit: </Data></EventData></Event><Event><System><Provider Name="IIS AspNetCore Module V2"/><EventID>1033</EventID><Level>4</Level><Task>0</Task><Keywords>Keywords</Keywords><TimeCreated SystemTime="2025-10-06T18:36:58Z"/><EventRecordID>20748578</EventRecordID><Channel>Application</Channel><Computer>dw1ldwk00001K</Computer><Security/></System><EventData><Data>Application 'MACHINE/WEBROOT/APPHOST/SAALITICKETSAPICLEAN' has shutdown.</Data><Data>Process Id: 7888.</Data><Data>File Version: 19.0.25119.5. Description: IIS ASP.NET Core Module V2 Request Handler. Commit: </Data></EventData></Event><Event><System><Provider Name="IIS AspNetCore Module V2"/><EventID>1032</EventID><Level>4</Level><Task>0</Task><Keywords>Keywords</Keywords><TimeCreated SystemTime="2025-10-06T18:42:26Z"/><EventRecordID>4473156</EventRecordID><Channel>Application</Channel><Computer>DW0LDWK000015</Computer><Security/></System><EventData><Data>Application 'C:\home\site\wwwroot\' started successfully.</Data><Data>Process Id: 7044.</Data><Data>File Version: 19.0.25119.5. Description: IIS ASP.NET Core Module V2 Request Handler. Commit: </Data></EventData></Event><Event><System><Provider Name="IIS AspNetCore Module V2"/><EventID>1033</EventID><Level>4</Level><Task>0</Task><Keywords>Keywords</Keywords><TimeCreated SystemTime="2025-10-06T23:41:28Z"/><EventRecordID>22414562</EventRecordID><Channel>Application</Channel><Computer>DW0LDWK000015</Computer><Security/></System><EventData><Data>Application 'MACHINE/WEBROOT/APPHOST/SAALITICKETSAPICLEAN' has shutdown.</Data><Data>Process Id: 7044.</Data><Data>File Version: 19.0.25119.5. Description: IIS ASP.NET Core Module V2 Request Handler. Commit: </Data></EventData></Event><Event><System><Provider Name="IIS AspNetCore Module V2"/><EventID>1032</EventID><Level>4</Level><Task>0</Task><Keywords>Keywords</Keywords><TimeCreated SystemTime="2025-10-08T17:37:44Z"/><EventRecordID>25804796</EventRecordID><Channel>Application</Channel><Computer>dw1sdwk0001NM</Computer><Security/></System><EventData><Data>Application 'C:\home\site\wwwroot\' started successfully.</Data><Data>Process Id: 2540.</Data><Data>File Version: 19.0.25119.5. Description: IIS ASP.NET Core Module V2 Request Handler. Commit: </Data></EventData></Event><Event><System><Provider Name="IIS AspNetCore Module V2"/><EventID>1012</EventID><Level>4</Level><Task>0</Task><Keywords>Keywords</Keywords><TimeCreated SystemTime="2025-10-08T17:40:22Z"/><EventRecordID>25962109</EventRecordID><Channel>Application</Channel><Computer>dw1sdwk0001NM</Computer><Security/></System><EventData><Data>Application 'C:\home\site\wwwroot\' was recycled after detecting app_offline.htm.</Data><Data>Process Id: 2540.</Data><Data>File Version: 19.0.25119.5. Description: IIS ASP.NET Core Module V2 Request Handler. Commit: </Data></EventData></Event><Event><System><Provider Name="IIS AspNetCore Module V2"/><EventID>1033</EventID><Level>4</Level><Task>0</Task><Keywords>Keywords</Keywords><TimeCreated SystemTime="2025-10-08T17:40:22Z"/><EventRecordID>25962406</EventRecordID><Channel>Application</Channel><Computer>dw1sdwk0001NM</Computer><Security/></System><EventData><Data>Application 'MACHINE/WEBROOT/APPHOST/SAALITICKETSAPICLEAN' has shutdown.</Data><Data>Process Id: 2540.</Data><Data>File Version: 19.0.25119.5. Description: IIS ASP.NET Core Module V2 Request Handler. Commit: </Data></EventData></Event><Event><System><Provider Name="IIS AspNetCore Module V2"/><EventID>1032</EventID><Level>4</Level><Task>0</Task><Keywords>Keywords</Keywords><TimeCreated SystemTime="2025-10-08T17:40:39Z"/><EventRecordID>25979531</EventRecordID><Channel>Application</Channel><Computer>dw1sdwk0001NM</Computer><Security/></System><EventData><Data>Application 'C:\home\site\wwwroot\' started successfully.</Data><Data>Process Id: 3108.</Data><Data>File Version: 19.0.25119.5. Description: IIS ASP.NET Core Module V2 Request Handler. Commit: </Data></EventData></Event><Event><System><Provider Name=".NET Runtime"/><EventID>1000</EventID><Level>1</Level><Task>0</Task><Keywords>Keywords</Keywords><TimeCreated SystemTime="2025-10-08T17:40:44Z"/><EventRecordID>25984250</EventRecordID><Channel>Application</Channel><Computer>dw1sdwk0001NM</Computer><Security/></System><EventData><Data>Category: SupportTicketsApi.Services.UserService
EventId: 0
SpanId: 827a25db4af14d5a
TraceId: 5bad0a45460cff8da517a237c132b804
ParentId: 0000000000000000
RequestId: 40000007-0000-e600-b63f-84710c7967bb
RequestPath: /api/tickets/users
ActionId: 2b1f3092-b509-4e43-a88f-6acba8d71ae4
ActionName: SupportTicketsApi.Controllers.TicketsController.GetUsers (SupportTicketsApi)

Failed to find group with email SupportTeam@M365CPI90282478.onmicrosoft.com. Status: Forbidden
</Data></EventData></Event><Event><System><Provider Name="IIS AspNetCore Module V2"/><EventID>1033</EventID><Level>4</Level><Task>0</Task><Keywords>Keywords</Keywords><TimeCreated SystemTime="2025-10-08T17:40:49Z"/><EventRecordID>25989843</EventRecordID><Channel>Application</Channel><Computer>dw1sdwk0001NM</Computer><Security/></System><EventData><Data>Application 'MACHINE/WEBROOT/APPHOST/SAALITICKETSAPICLEAN' has shutdown.</Data><Data>Process Id: 3108.</Data><Data>File Version: 19.0.25119.5. Description: IIS ASP.NET Core Module V2 Request Handler. Commit: </Data></EventData></Event><Event><System><Provider Name="IIS AspNetCore Module V2"/><EventID>1032</EventID><Level>4</Level><Task>0</Task><Keywords>Keywords</Keywords><TimeCreated SystemTime="2025-10-08T17:41:00Z"/><EventRecordID>26000593</EventRecordID><Channel>Application</Channel><Computer>dw1sdwk0001NM</Computer><Security/></System><EventData><Data>Application 'C:\home\site\wwwroot\' started successfully.</Data><Data>Process Id: 6820.</Data><Data>File Version: 19.0.25119.5. Description: IIS ASP.NET Core Module V2 Request Handler. Commit: </Data></EventData></Event><Event><System><Provider Name=".NET Runtime"/><EventID>1000</EventID><Level>1</Level><Task>0</Task><Keywords>Keywords</Keywords><TimeCreated SystemTime="2025-10-08T18:32:10Z"/><EventRecordID>29070265</EventRecordID><Channel>Application</Channel><Computer>dw1sdwk0001NM</Computer><Security/></System><EventData><Data>Category: SupportTicketsApi.Services.UserService
EventId: 0
SpanId: 1fc47f577a367388
TraceId: 34ab0e45e0f264a0a03f88aacbec06fb
ParentId: 0000000000000000
RequestId: 4000000a-0000-e600-b63f-84710c7967bb
RequestPath: /api/tickets/users
ActionId: a6e2e744-5eaa-4d1b-8485-a0be12a72c94
ActionName: SupportTicketsApi.Controllers.TicketsController.GetUsers (SupportTicketsApi)

Failed to find group with email SupportTeam@M365CPI90282478.onmicrosoft.com. Status: Forbidden
</Data></EventData></Event><Event><System><Provider Name="IIS AspNetCore Module V2"/><EventID>1033</EventID><Level>4</Level><Task>0</Task><Keywords>Keywords</Keywords><TimeCreated SystemTime="2025-10-08T18:37:01Z"/><EventRecordID>29361218</EventRecordID><Channel>Application</Channel><Computer>dw1sdwk0001NM</Computer><Security/></System><EventData><Data>Application 'MACHINE/WEBROOT/APPHOST/SAALITICKETSAPICLEAN' has shutdown.</Data><Data>Process Id: 6820.</Data><Data>File Version: 19.0.25119.5. Description: IIS ASP.NET Core Module V2 Request Handler. Commit: </Data></EventData></Event><Event><System><Provider Name="IIS AspNetCore Module V2"/><EventID>1032</EventID><Level>4</Level><Task>0</Task><Keywords>Keywords</Keywords><TimeCreated SystemTime="2025-10-09T08:07:29Z"/><EventRecordID>-1452284890</EventRecordID><Channel>Application</Channel><Computer>DW0SDWK0001JJ</Computer><Security/></System><EventData><Data>Application 'C:\home\site\wwwroot\' started successfully.</Data><Data>Process Id: 5940.</Data><Data>File Version: 19.0.25119.5. Description: IIS ASP.NET Core Module V2 Request Handler. Commit: </Data></EventData></Event><Event><System><Provider Name=".NET Runtime"/><EventID>1000</EventID><Level>1</Level><Task>0</Task><Keywords>Keywords</Keywords><TimeCreated SystemTime="2025-10-09T08:07:36Z"/><EventRecordID>-1452278000</EventRecordID><Channel>Application</Channel><Computer>DW0SDWK0001JJ</Computer><Security/></System><EventData><Data>Category: Microsoft.AspNetCore.Server.IIS.Core.IISHttpServer
EventId: 2
SpanId: bb540b5cef5e5850
TraceId: db76ed6d0ea67b42a691e73cafc55df3
ParentId: 4222f4dcf4fdc565
RequestId: 4000afb1-0000-f800-b63f-84710c7967bb
RequestPath: /api/tickets

Connection ID "17870283322211479472", Request ID "4000afb1-0000-f800-b63f-84710c7967bb": An unhandled exception was thrown by the application.

Exception: 
Azure.RequestFailedException: This request is not authorized to perform this operation.
RequestId:adc8aa63-c002-000b-30f3-387343000000
Time:2025-10-09T08:07:36.4993187Z
Status: 403 (Forbidden)
ErrorCode: AuthorizationFailure

Content:
{"odata.error":{"code":"AuthorizationFailure","message":{"lang":"en-US","value":"This request is not authorized to perform this operation.\nRequestId:adc8aa63-c002-000b-30f3-387343000000\nTime:2025-10-09T08:07:36.4993187Z"}}}

Headers:
Transfer-Encoding: chunked
Server: Windows-Azure-Table/1.0 Microsoft-HTTPAPI/2.0
x-ms-request-id: adc8aa63-c002-000b-30f3-387343000000
x-ms-client-request-id: 5b07affc-a881-45be-8554-ebb4b2f02f9d
x-ms-version: REDACTED
X-Content-Type-Options: REDACTED
Date: Thu, 09 Oct 2025 08:07:35 GMT
Content-Type: application/json;odata=minimalmetadata;streaming=true;charset=utf-8

   at Azure.Data.Tables.TableClient.CreateIfNotExists(CancellationToken cancellationToken)
   at SupportTicketsApi.Services.TableStorageTicketRepository..ctor(TableServiceClient tableServiceClient, ILogger`1 logger) in C:\Users\saali\source\repos\TeamsSSO\BotwithTeamsSSO\SupportTicketsApi\Services\TableStorageTicketRepository.cs:line 19
   at System.RuntimeMethodHandle.InvokeMethod(Object target, Void** arguments, Signature sig, Boolean isConstructor)
   at System.Reflection.MethodBaseInvoker.InterpretedInvoke_Constructor(Object obj, IntPtr* args)
   at System.Reflection.MethodBaseInvoker.InvokeDirectByRefWithFewArgs(Object obj, Span`1 copyOfArgs, BindingFlags invokeAttr)
   at System.Reflection.MethodBaseInvoker.InvokeWithFewArgs(Object obj, BindingFlags invokeAttr, Binder binder, Object[] parameters, CultureInfo culture)
   at System.Reflection.RuntimeConstructorInfo.Invoke(BindingFlags invokeAttr, Binder binder, Object[] parameters, CultureInfo culture)
   at Microsoft.Extensions.DependencyInjection.ServiceLookup.CallSiteRuntimeResolver.VisitConstructor(ConstructorCallSite constructorCallSite, RuntimeResolverContext context)
   at Microsoft.Extensions.DependencyInjection.ServiceLookup.CallSiteVisitor`2.VisitCallSiteMain(ServiceCallSite callSite, TArgument argument)
   at Microsoft.Extensions.DependencyInjection.ServiceLookup.CallSiteRuntimeResolver.VisitRootCache(ServiceCallSite callSite, RuntimeResolverContext context)
   at Microsoft.Extensions.DependencyInjection.ServiceLookup.CallSiteVisitor`2.VisitCallSite(ServiceCallSite callSite, TArgument argument)
   at Microsoft.Extensions.DependencyInjection.ServiceLookup.CallSiteRuntimeResolver.Resolve(ServiceCallSite callSite, ServiceProviderEngineScope scope)
   at Microsoft.Extensions.DependencyInjection.ServiceProvider.CreateServiceAccessor(ServiceIdentifier serviceIdentifier)
   at System.Collections.Concurrent.ConcurrentDictionary`2.GetOrAdd(TKey key, Func`2 valueFactory)
   at Microsoft.Extensions.DependencyInjection.ServiceProvider.GetService(ServiceIdentifier serviceIdentifier, ServiceProviderEngineScope serviceProviderEngineScope)
   at Microsoft.Extensions.DependencyInjection.ServiceLookup.ServiceProviderEngineScope.GetService(Type serviceType)
   at lambda_method13(Closure, IServiceProvider, Object[])
   at Microsoft.AspNetCore.Mvc.Controllers.ControllerActivatorProvider.&lt;&gt;c__DisplayClass7_0.&lt;CreateActivator&gt;b__0(ControllerContext controllerContext)
   at Microsoft.AspNetCore.Mvc.Controllers.ControllerFactoryProvider.&lt;&gt;c__DisplayClass6_0.&lt;CreateControllerFactory&gt;g__CreateController|0(ControllerContext controllerContext)
   at Microsoft.AspNetCore.Mvc.Infrastructure.ControllerActionInvoker.Next(State&amp; next, Scope&amp; scope, Object&amp; state, Boolean&amp; isCompleted)
   at Microsoft.AspNetCore.Mvc.Infrastructure.ControllerActionInvoker.InvokeInnerFilterAsync()
--- End of stack trace from previous location ---
   at Microsoft.AspNetCore.Mvc.Infrastructure.ResourceInvoker.&lt;InvokeFilterPipelineAsync&gt;g__Awaited|20_0(ResourceInvoker invoker, Task lastTask, State next, Scope scope, Object state, Boolean isCompleted)
   at Microsoft.AspNetCore.Mvc.Infrastructure.ResourceInvoker.&lt;InvokeAsync&gt;g__Awaited|17_0(ResourceInvoker invoker, Task task, IDisposable scope)
   at Microsoft.AspNetCore.Mvc.Infrastructure.ResourceInvoker.&lt;InvokeAsync&gt;g__Awaited|17_0(ResourceInvoker invoker, Task task, IDisposable scope)
   at Microsoft.AspNetCore.Authorization.AuthorizationMiddleware.Invoke(HttpContext context)
   at Microsoft.AspNetCore.Authentication.AuthenticationMiddleware.Invoke(HttpContext context)
   at Microsoft.AspNetCore.Server.IIS.Core.IISHttpContextOfT`1.ProcessRequestAsync()
</Data></EventData></Event><Event><System><Provider Name=".NET Runtime"/><EventID>1000</EventID><Level>1</Level><Task>0</Task><Keywords>Keywords</Keywords><TimeCreated SystemTime="2025-10-09T08:08:52Z"/><EventRecordID>-1452202734</EventRecordID><Channel>Application</Channel><Computer>DW0SDWK0001JJ</Computer><Security/></System><EventData><Data>Category: Microsoft.AspNetCore.Server.IIS.Core.IISHttpServer
EventId: 2
SpanId: e62229aa5da42458
TraceId: 491122dc091c0d77fc88680307467378
ParentId: 0000000000000000
RequestId: 4000afb3-0000-f800-b63f-84710c7967bb
RequestPath: /api/tickets/users

Connection ID "17870283322211479474", Request ID "4000afb3-0000-f800-b63f-84710c7967bb": An unhandled exception was thrown by the application.

Exception: 
Azure.RequestFailedException: This request is not authorized to perform this operation.
RequestId:88ec95dc-c002-0046-42f3-38bcaf000000
Time:2025-10-09T08:08:52.1018210Z
Status: 403 (Forbidden)
ErrorCode: AuthorizationFailure

Content:
{"odata.error":{"code":"AuthorizationFailure","message":{"lang":"en-US","value":"This request is not authorized to perform this operation.\nRequestId:88ec95dc-c002-0046-42f3-38bcaf000000\nTime:2025-10-09T08:08:52.1018210Z"}}}

Headers:
Transfer-Encoding: chunked
Server: Windows-Azure-Table/1.0 Microsoft-HTTPAPI/2.0
x-ms-request-id: 88ec95dc-c002-0046-42f3-38bcaf000000
x-ms-client-request-id: 7ed6f150-251f-4512-8baa-7a63212594c1
x-ms-version: REDACTED
X-Content-Type-Options: REDACTED
Date: Thu, 09 Oct 2025 08:08:51 GMT
Content-Type: application/json;odata=minimalmetadata;streaming=true;charset=utf-8

   at Azure.Data.Tables.TableClient.CreateIfNotExists(CancellationToken cancellationToken)
   at SupportTicketsApi.Services.TableStorageTicketRepository..ctor(TableServiceClient tableServiceClient, ILogger`1 logger) in C:\Users\saali\source\repos\TeamsSSO\BotwithTeamsSSO\SupportTicketsApi\Services\TableStorageTicketRepository.cs:line 19
   at InvokeStub_TableStorageTicketRepository..ctor(Object, Span`1)
   at System.Reflection.MethodBaseInvoker.InvokeWithFewArgs(Object obj, BindingFlags invokeAttr, Binder binder, Object[] parameters, CultureInfo culture)
   at System.Reflection.RuntimeConstructorInfo.Invoke(BindingFlags invokeAttr, Binder binder, Object[] parameters, CultureInfo culture)
   at Microsoft.Extensions.DependencyInjection.ServiceLookup.CallSiteRuntimeResolver.VisitConstructor(ConstructorCallSite constructorCallSite, RuntimeResolverContext context)
   at Microsoft.Extensions.DependencyInjection.ServiceLookup.CallSiteVisitor`2.VisitCallSiteMain(ServiceCallSite callSite, TArgument argument)
   at Microsoft.Extensions.DependencyInjection.ServiceLookup.CallSiteRuntimeResolver.VisitRootCache(ServiceCallSite callSite, RuntimeResolverContext context)
   at Microsoft.Extensions.DependencyInjection.ServiceLookup.CallSiteVisitor`2.VisitCallSite(ServiceCallSite callSite, TArgument argument)
   at Microsoft.Extensions.DependencyInjection.ServiceLookup.CallSiteRuntimeResolver.Resolve(ServiceCallSite callSite, ServiceProviderEngineScope scope)
   at Microsoft.Extensions.DependencyInjection.ServiceProvider.CreateServiceAccessor(ServiceIdentifier serviceIdentifier)
   at System.Collections.Concurrent.ConcurrentDictionary`2.GetOrAdd(TKey key, Func`2 valueFactory)
   at Microsoft.Extensions.DependencyInjection.ServiceProvider.GetService(ServiceIdentifier serviceIdentifier, ServiceProviderEngineScope serviceProviderEngineScope)
   at Microsoft.Extensions.DependencyInjection.ServiceLookup.ServiceProviderEngineScope.GetService(Type serviceType)
   at lambda_method21(Closure, IServiceProvider, Object[])
   at Microsoft.AspNetCore.Mvc.Controllers.ControllerActivatorProvider.&lt;&gt;c__DisplayClass7_0.&lt;CreateActivator&gt;b__0(ControllerContext controllerContext)
   at Microsoft.AspNetCore.Mvc.Controllers.ControllerFactoryProvider.&lt;&gt;c__DisplayClass6_0.&lt;CreateControllerFactory&gt;g__CreateController|0(ControllerContext controllerContext)
   at Microsoft.AspNetCore.Mvc.Infrastructure.ControllerActionInvoker.Next(State&amp; next, Scope&amp; scope, Object&amp; state, Boolean&amp; isCompleted)
   at Microsoft.AspNetCore.Mvc.Infrastructure.ControllerActionInvoker.InvokeInnerFilterAsync()
--- End of stack trace from previous location ---
   at Microsoft.AspNetCore.Mvc.Infrastructure.ResourceInvoker.&lt;InvokeFilterPipelineAsync&gt;g__Awaited|20_0(ResourceInvoker invoker, Task lastTask, State next, Scope scope, Object state, Boolean isCompleted)
   at Microsoft.AspNetCore.Mvc.Infrastructure.ResourceInvoker.&lt;InvokeAsync&gt;g__Awaited|17_0(ResourceInvoker invoker, Task task, IDisposable scope)
   at Microsoft.AspNetCore.Mvc.Infrastructure.ResourceInvoker.&lt;InvokeAsync&gt;g__Awaited|17_0(ResourceInvoker invoker, Task task, IDisposable scope)
   at Microsoft.AspNetCore.Authorization.AuthorizationMiddleware.Invoke(HttpContext context)
   at Microsoft.AspNetCore.Authentication.AuthenticationMiddleware.Invoke(HttpContext context)
   at Microsoft.AspNetCore.Server.IIS.Core.IISHttpContextOfT`1.ProcessRequestAsync()
</Data></EventData></Event><Event><System><Provider Name="IIS AspNetCore Module V2"/><EventID>1033</EventID><Level>4</Level><Task>0</Task><Keywords>Keywords</Keywords><TimeCreated SystemTime="2025-10-09T08:09:17Z"/><EventRecordID>-1452177562</EventRecordID><Channel>Application</Channel><Computer>DW0SDWK0001JJ</Computer><Security/></System><EventData><Data>Application 'MACHINE/WEBROOT/APPHOST/SAALITICKETSAPICLEAN' has shutdown.</Data><Data>Process Id: 5940.</Data><Data>File Version: 19.0.25119.5. Description: IIS ASP.NET Core Module V2 Request Handler. Commit: </Data></EventData></Event><Event><System><Provider Name="IIS AspNetCore Module V2"/><EventID>1032</EventID><Level>4</Level><Task>0</Task><Keywords>Keywords</Keywords><TimeCreated SystemTime="2025-10-09T08:09:59Z"/><EventRecordID>-1452134890</EventRecordID><Channel>Application</Channel><Computer>DW0SDWK0001JJ</Computer><Security/></System><EventData><Data>Application 'C:\home\site\wwwroot\' started successfully.</Data><Data>Process Id: 6972.</Data><Data>File Version: 19.0.25119.5. Description: IIS ASP.NET Core Module V2 Request Handler. Commit: </Data></EventData></Event><Event><System><Provider Name=".NET Runtime"/><EventID>1000</EventID><Level>1</Level><Task>0</Task><Keywords>Keywords</Keywords><TimeCreated SystemTime="2025-10-09T08:10:08Z"/><EventRecordID>-1452126390</EventRecordID><Channel>Application</Channel><Computer>DW0SDWK0001JJ</Computer><Security/></System><EventData><Data>Category: Microsoft.AspNetCore.Server.IIS.Core.IISHttpServer
EventId: 2
SpanId: 2ec29274e087954f
TraceId: d5b6e3cd692a224e59f9d6ed67d6e8b4
ParentId: 0000000000000000
RequestId: 4000008b-0000-ee00-b63f-84710c7967bb
RequestPath: /api/tickets/users

Connection ID "17149707381832155274", Request ID "4000008b-0000-ee00-b63f-84710c7967bb": An unhandled exception was thrown by the application.

Exception: 
Azure.RequestFailedException: This request is not authorized to perform this operation.
RequestId:c3febda8-f002-0010-63f4-384d40000000
Time:2025-10-09T08:10:08.3075353Z
Status: 403 (Forbidden)
ErrorCode: AuthorizationFailure

Content:
{"odata.error":{"code":"AuthorizationFailure","message":{"lang":"en-US","value":"This request is not authorized to perform this operation.\nRequestId:c3febda8-f002-0010-63f4-384d40000000\nTime:2025-10-09T08:10:08.3075353Z"}}}

Headers:
Transfer-Encoding: chunked
Server: Windows-Azure-Table/1.0 Microsoft-HTTPAPI/2.0
x-ms-request-id: c3febda8-f002-0010-63f4-384d40000000
x-ms-client-request-id: e4f3d8e8-88fd-4a43-8d82-7975972a0c02
x-ms-version: REDACTED
X-Content-Type-Options: REDACTED
Date: Thu, 09 Oct 2025 08:10:07 GMT
Content-Type: application/json;odata=minimalmetadata;streaming=true;charset=utf-8

   at Azure.Data.Tables.TableClient.CreateIfNotExists(CancellationToken cancellationToken)
   at SupportTicketsApi.Services.TableStorageTicketRepository..ctor(TableServiceClient tableServiceClient, ILogger`1 logger) in C:\Users\saali\source\repos\TeamsSSO\BotwithTeamsSSO\SupportTicketsApi\Services\TableStorageTicketRepository.cs:line 19
   at System.RuntimeMethodHandle.InvokeMethod(Object target, Void** arguments, Signature sig, Boolean isConstructor)
   at System.Reflection.MethodBaseInvoker.InterpretedInvoke_Constructor(Object obj, IntPtr* args)
   at System.Reflection.MethodBaseInvoker.InvokeDirectByRefWithFewArgs(Object obj, Span`1 copyOfArgs, BindingFlags invokeAttr)
   at System.Reflection.MethodBaseInvoker.InvokeWithFewArgs(Object obj, BindingFlags invokeAttr, Binder binder, Object[] parameters, CultureInfo culture)
   at System.Reflection.RuntimeConstructorInfo.Invoke(BindingFlags invokeAttr, Binder binder, Object[] parameters, CultureInfo culture)
   at Microsoft.Extensions.DependencyInjection.ServiceLookup.CallSiteRuntimeResolver.VisitConstructor(ConstructorCallSite constructorCallSite, RuntimeResolverContext context)
   at Microsoft.Extensions.DependencyInjection.ServiceLookup.CallSiteVisitor`2.VisitCallSiteMain(ServiceCallSite callSite, TArgument argument)
   at Microsoft.Extensions.DependencyInjection.ServiceLookup.CallSiteRuntimeResolver.VisitRootCache(ServiceCallSite callSite, RuntimeResolverContext context)
   at Microsoft.Extensions.DependencyInjection.ServiceLookup.CallSiteVisitor`2.VisitCallSite(ServiceCallSite callSite, TArgument argument)
   at Microsoft.Extensions.DependencyInjection.ServiceLookup.CallSiteRuntimeResolver.Resolve(ServiceCallSite callSite, ServiceProviderEngineScope scope)
   at Microsoft.Extensions.DependencyInjection.ServiceProvider.CreateServiceAccessor(ServiceIdentifier serviceIdentifier)
   at System.Collections.Concurrent.ConcurrentDictionary`2.GetOrAdd(TKey key, Func`2 valueFactory)
   at Microsoft.Extensions.DependencyInjection.ServiceProvider.GetService(ServiceIdentifier serviceIdentifier, ServiceProviderEngineScope serviceProviderEngineScope)
   at Microsoft.Extensions.DependencyInjection.ServiceLookup.ServiceProviderEngineScope.GetService(Type serviceType)
   at lambda_method13(Closure, IServiceProvider, Object[])
   at Microsoft.AspNetCore.Mvc.Controllers.ControllerActivatorProvider.&lt;&gt;c__DisplayClass7_0.&lt;CreateActivator&gt;b__0(ControllerContext controllerContext)
   at Microsoft.AspNetCore.Mvc.Controllers.ControllerFactoryProvider.&lt;&gt;c__DisplayClass6_0.&lt;CreateControllerFactory&gt;g__CreateController|0(ControllerContext controllerContext)
   at Microsoft.AspNetCore.Mvc.Infrastructure.ControllerActionInvoker.Next(State&amp; next, Scope&amp; scope, Object&amp; state, Boolean&amp; isCompleted)
   at Microsoft.AspNetCore.Mvc.Infrastructure.ControllerActionInvoker.InvokeInnerFilterAsync()
--- End of stack trace from previous location ---
   at Microsoft.AspNetCore.Mvc.Infrastructure.ResourceInvoker.&lt;InvokeFilterPipelineAsync&gt;g__Awaited|20_0(ResourceInvoker invoker, Task lastTask, State next, Scope scope, Object state, Boolean isCompleted)
   at Microsoft.AspNetCore.Mvc.Infrastructure.ResourceInvoker.&lt;InvokeAsync&gt;g__Awaited|17_0(ResourceInvoker invoker, Task task, IDisposable scope)
   at Microsoft.AspNetCore.Mvc.Infrastructure.ResourceInvoker.&lt;InvokeAsync&gt;g__Awaited|17_0(ResourceInvoker invoker, Task task, IDisposable scope)
   at Microsoft.AspNetCore.Authorization.AuthorizationMiddleware.Invoke(HttpContext context)
   at Microsoft.AspNetCore.Authentication.AuthenticationMiddleware.Invoke(HttpContext context)
   at Microsoft.AspNetCore.Server.IIS.Core.IISHttpContextOfT`1.ProcessRequestAsync()
</Data></EventData></Event><Event><System><Provider Name="IIS AspNetCore Module V2"/><EventID>1012</EventID><Level>4</Level><Task>0</Task><Keywords>Keywords</Keywords><TimeCreated SystemTime="2025-10-09T08:17:27Z"/><EventRecordID>-1451687187</EventRecordID><Channel>Application</Channel><Computer>DW0SDWK0001JJ</Computer><Security/></System><EventData><Data>Application 'C:\home\site\wwwroot\' was recycled after detecting app_offline.htm.</Data><Data>Process Id: 6972.</Data><Data>File Version: 19.0.25119.5. Description: IIS ASP.NET Core Module V2 Request Handler. Commit: </Data></EventData></Event><Event><System><Provider Name="IIS AspNetCore Module V2"/><EventID>1033</EventID><Level>4</Level><Task>0</Task><Keywords>Keywords</Keywords><TimeCreated SystemTime="2025-10-09T08:17:28Z"/><EventRecordID>-1451686625</EventRecordID><Channel>Application</Channel><Computer>DW0SDWK0001JJ</Computer><Security/></System><EventData><Data>Application 'MACHINE/WEBROOT/APPHOST/SAALITICKETSAPICLEAN' has shutdown.</Data><Data>Process Id: 6972.</Data><Data>File Version: 19.0.25119.5. Description: IIS ASP.NET Core Module V2 Request Handler. Commit: </Data></EventData></Event><Event><System><Provider Name="IIS AspNetCore Module V2"/><EventID>1032</EventID><Level>4</Level><Task>0</Task><Keywords>Keywords</Keywords><TimeCreated SystemTime="2025-10-09T08:19:03Z"/><EventRecordID>-1451591500</EventRecordID><Channel>Application</Channel><Computer>DW0SDWK0001JJ</Computer><Security/></System><EventData><Data>Application 'C:\home\site\wwwroot\' started successfully.</Data><Data>Process Id: 6540.</Data><Data>File Version: 19.0.25119.5. Description: IIS ASP.NET Core Module V2 Request Handler. Commit: </Data></EventData></Event><Event><System><Provider Name=".NET Runtime"/><EventID>1000</EventID><Level>1</Level><Task>0</Task><Keywords>Keywords</Keywords><TimeCreated SystemTime="2025-10-09T08:20:38Z"/><EventRecordID>-1451495875</EventRecordID><Channel>Application</Channel><Computer>DW0SDWK0001JJ</Computer><Security/></System><EventData><Data>Category: Microsoft.AspNetCore.Server.IIS.Core.IISHttpServer
EventId: 2
SpanId: 40eb5c4441a7d0c2
TraceId: d720a73e9d1ee70d9b41da069ccebe6d
ParentId: 0000000000000000
RequestId: 400393ec-0000-f100-b63f-84710c7967bb
RequestPath: /api/tickets/users

Connection ID "17365880163946173419", Request ID "400393ec-0000-f100-b63f-84710c7967bb": An unhandled exception was thrown by the application.

Exception: 
Azure.RequestFailedException: This request is not authorized to perform this operation.
RequestId:386f6c6f-9002-0074-1ef5-38bcd8000000
Time:2025-10-09T08:20:38.8411148Z
Status: 403 (Forbidden)
ErrorCode: AuthorizationFailure

Content:
{"odata.error":{"code":"AuthorizationFailure","message":{"lang":"en-US","value":"This request is not authorized to perform this operation.\nRequestId:386f6c6f-9002-0074-1ef5-38bcd8000000\nTime:2025-10-09T08:20:38.8411148Z"}}}

Headers:
Transfer-Encoding: chunked
Server: Windows-Azure-Table/1.0 Microsoft-HTTPAPI/2.0
x-ms-request-id: 386f6c6f-9002-0074-1ef5-38bcd8000000
x-ms-client-request-id: a4a9abdf-4778-4df2-b34b-f53628c8e5cc
x-ms-version: REDACTED
X-Content-Type-Options: REDACTED
Date: Thu, 09 Oct 2025 08:20:38 GMT
Content-Type: application/json;odata=minimalmetadata;streaming=true;charset=utf-8

   at Azure.Data.Tables.TableClient.CreateIfNotExists(CancellationToken cancellationToken)
   at SupportTicketsApi.Services.TableStorageTicketRepository..ctor(TableServiceClient tableServiceClient, ILogger`1 logger) in C:\Users\saali\source\repos\TeamsSSO\BotwithTeamsSSO\SupportTicketsApi\Services\TableStorageTicketRepository.cs:line 19
   at System.RuntimeMethodHandle.InvokeMethod(Object target, Void** arguments, Signature sig, Boolean isConstructor)
   at System.Reflection.MethodBaseInvoker.InterpretedInvoke_Constructor(Object obj, IntPtr* args)
   at System.Reflection.MethodBaseInvoker.InvokeDirectByRefWithFewArgs(Object obj, Span`1 copyOfArgs, BindingFlags invokeAttr)
   at System.Reflection.MethodBaseInvoker.InvokeWithFewArgs(Object obj, BindingFlags invokeAttr, Binder binder, Object[] parameters, CultureInfo culture)
   at System.Reflection.RuntimeConstructorInfo.Invoke(BindingFlags invokeAttr, Binder binder, Object[] parameters, CultureInfo culture)
   at Microsoft.Extensions.DependencyInjection.ServiceLookup.CallSiteRuntimeResolver.VisitConstructor(ConstructorCallSite constructorCallSite, RuntimeResolverContext context)
   at Microsoft.Extensions.DependencyInjection.ServiceLookup.CallSiteVisitor`2.VisitCallSiteMain(ServiceCallSite callSite, TArgument argument)
   at Microsoft.Extensions.DependencyInjection.ServiceLookup.CallSiteRuntimeResolver.VisitRootCache(ServiceCallSite callSite, RuntimeResolverContext context)
   at Microsoft.Extensions.DependencyInjection.ServiceLookup.CallSiteVisitor`2.VisitCallSite(ServiceCallSite callSite, TArgument argument)
   at Microsoft.Extensions.DependencyInjection.ServiceLookup.CallSiteRuntimeResolver.Resolve(ServiceCallSite callSite, ServiceProviderEngineScope scope)
   at Microsoft.Extensions.DependencyInjection.ServiceProvider.CreateServiceAccessor(ServiceIdentifier serviceIdentifier)
   at System.Collections.Concurrent.ConcurrentDictionary`2.GetOrAdd(TKey key, Func`2 valueFactory)
   at Microsoft.Extensions.DependencyInjection.ServiceProvider.GetService(ServiceIdentifier serviceIdentifier, ServiceProviderEngineScope serviceProviderEngineScope)
   at Microsoft.Extensions.DependencyInjection.ServiceLookup.ServiceProviderEngineScope.GetService(Type serviceType)
   at lambda_method13(Closure, IServiceProvider, Object[])
   at Microsoft.AspNetCore.Mvc.Controllers.ControllerActivatorProvider.&lt;&gt;c__DisplayClass7_0.&lt;CreateActivator&gt;b__0(ControllerContext controllerContext)
   at Microsoft.AspNetCore.Mvc.Controllers.ControllerFactoryProvider.&lt;&gt;c__DisplayClass6_0.&lt;CreateControllerFactory&gt;g__CreateController|0(ControllerContext controllerContext)
   at Microsoft.AspNetCore.Mvc.Infrastructure.ControllerActionInvoker.Next(State&amp; next, Scope&amp; scope, Object&amp; state, Boolean&amp; isCompleted)
   at Microsoft.AspNetCore.Mvc.Infrastructure.ControllerActionInvoker.InvokeInnerFilterAsync()
--- End of stack trace from previous location ---
   at Microsoft.AspNetCore.Mvc.Infrastructure.ResourceInvoker.&lt;InvokeFilterPipelineAsync&gt;g__Awaited|20_0(ResourceInvoker invoker, Task lastTask, State next, Scope scope, Object state, Boolean isCompleted)
   at Microsoft.AspNetCore.Mvc.Infrastructure.ResourceInvoker.&lt;InvokeAsync&gt;g__Awaited|17_0(ResourceInvoker invoker, Task task, IDisposable scope)
   at Microsoft.AspNetCore.Mvc.Infrastructure.ResourceInvoker.&lt;InvokeAsync&gt;g__Awaited|17_0(ResourceInvoker invoker, Task task, IDisposable scope)
   at Microsoft.AspNetCore.Authorization.AuthorizationMiddleware.Invoke(HttpContext context)
   at Microsoft.AspNetCore.Authentication.AuthenticationMiddleware.Invoke(HttpContext context)
   at Microsoft.AspNetCore.Server.IIS.Core.IISHttpContextOfT`1.ProcessRequestAsync()
</Data></EventData></Event><Event><System><Provider Name="IIS AspNetCore Module V2"/><EventID>1032</EventID><Level>4</Level><Task>0</Task><Keywords>Keywords</Keywords><TimeCreated SystemTime="2025-10-09T10:36:00Z"/><EventRecordID>18867468</EventRecordID><Channel>Application</Channel><Computer>DW1SDWK0001HX</Computer><Security/></System><EventData><Data>Application 'C:\home\site\wwwroot\' started successfully.</Data><Data>Process Id: 7396.</Data><Data>File Version: 19.0.25119.5. Description: IIS ASP.NET Core Module V2 Request Handler. Commit: </Data></EventData></Event><Event><System><Provider Name=".NET Runtime"/><EventID>1000</EventID><Level>1</Level><Task>0</Task><Keywords>Keywords</Keywords><TimeCreated SystemTime="2025-10-09T10:36:06Z"/><EventRecordID>18873312</EventRecordID><Channel>Application</Channel><Computer>DW1SDWK0001HX</Computer><Security/></System><EventData><Data>Category: Microsoft.AspNetCore.Server.IIS.Core.IISHttpServer
EventId: 2
SpanId: 43a7aba1a2f0be11
TraceId: cd361dc4e8c0ef5d5a0c102bf4ab567d
ParentId: 79aab3548d97a1b6
RequestId: 40000023-0000-fe00-b63f-84710c7967bb
RequestPath: /api/tickets

Connection ID "18302628886439002146", Request ID "40000023-0000-fe00-b63f-84710c7967bb": An unhandled exception was thrown by the application.

Exception: 
Azure.RequestFailedException: This request is not authorized to perform this operation.
RequestId:96fe3b84-b002-00a8-4408-391686000000
Time:2025-10-09T10:36:05.7926556Z
Status: 403 (Forbidden)
ErrorCode: AuthorizationFailure

Content:
{"odata.error":{"code":"AuthorizationFailure","message":{"lang":"en-US","value":"This request is not authorized to perform this operation.\nRequestId:96fe3b84-b002-00a8-4408-391686000000\nTime:2025-10-09T10:36:05.7926556Z"}}}

Headers:
Transfer-Encoding: chunked
Server: Windows-Azure-Table/1.0 Microsoft-HTTPAPI/2.0
x-ms-request-id: 96fe3b84-b002-00a8-4408-391686000000
x-ms-client-request-id: 73d16836-9228-43e1-b45f-192404a5b26c
x-ms-version: REDACTED
X-Content-Type-Options: REDACTED
Date: Thu, 09 Oct 2025 10:36:05 GMT
Content-Type: application/json;odata=minimalmetadata;streaming=true;charset=utf-8

   at Azure.Data.Tables.TableClient.CreateIfNotExists(CancellationToken cancellationToken)
   at SupportTicketsApi.Services.TableStorageTicketRepository..ctor(TableServiceClient tableServiceClient, ILogger`1 logger) in C:\Users\saali\source\repos\TeamsSSO\BotwithTeamsSSO\SupportTicketsApi\Services\TableStorageTicketRepository.cs:line 19
   at System.RuntimeMethodHandle.InvokeMethod(Object target, Void** arguments, Signature sig, Boolean isConstructor)
   at System.Reflection.MethodBaseInvoker.InterpretedInvoke_Constructor(Object obj, IntPtr* args)
   at System.Reflection.MethodBaseInvoker.InvokeDirectByRefWithFewArgs(Object obj, Span`1 copyOfArgs, BindingFlags invokeAttr)
   at System.Reflection.MethodBaseInvoker.InvokeWithFewArgs(Object obj, BindingFlags invokeAttr, Binder binder, Object[] parameters, CultureInfo culture)
   at System.Reflection.RuntimeConstructorInfo.Invoke(BindingFlags invokeAttr, Binder binder, Object[] parameters, CultureInfo culture)
   at Microsoft.Extensions.DependencyInjection.ServiceLookup.CallSiteRuntimeResolver.VisitConstructor(ConstructorCallSite constructorCallSite, RuntimeResolverContext context)
   at Microsoft.Extensions.DependencyInjection.ServiceLookup.CallSiteVisitor`2.VisitCallSiteMain(ServiceCallSite callSite, TArgument argument)
   at Microsoft.Extensions.DependencyInjection.ServiceLookup.CallSiteRuntimeResolver.VisitRootCache(ServiceCallSite callSite, RuntimeResolverContext context)
   at Microsoft.Extensions.DependencyInjection.ServiceLookup.CallSiteVisitor`2.VisitCallSite(ServiceCallSite callSite, TArgument argument)
   at Microsoft.Extensions.DependencyInjection.ServiceLookup.CallSiteRuntimeResolver.Resolve(ServiceCallSite callSite, ServiceProviderEngineScope scope)
   at Microsoft.Extensions.DependencyInjection.ServiceProvider.CreateServiceAccessor(ServiceIdentifier serviceIdentifier)
   at System.Collections.Concurrent.ConcurrentDictionary`2.GetOrAdd(TKey key, Func`2 valueFactory)
   at Microsoft.Extensions.DependencyInjection.ServiceProvider.GetService(ServiceIdentifier serviceIdentifier, ServiceProviderEngineScope serviceProviderEngineScope)
   at Microsoft.Extensions.DependencyInjection.ServiceLookup.ServiceProviderEngineScope.GetService(Type serviceType)
   at lambda_method13(Closure, IServiceProvider, Object[])
   at Microsoft.AspNetCore.Mvc.Controllers.ControllerActivatorProvider.&lt;&gt;c__DisplayClass7_0.&lt;CreateActivator&gt;b__0(ControllerContext controllerContext)
   at Microsoft.AspNetCore.Mvc.Controllers.ControllerFactoryProvider.&lt;&gt;c__DisplayClass6_0.&lt;CreateControllerFactory&gt;g__CreateController|0(ControllerContext controllerContext)
   at Microsoft.AspNetCore.Mvc.Infrastructure.ControllerActionInvoker.Next(State&amp; next, Scope&amp; scope, Object&amp; state, Boolean&amp; isCompleted)
   at Microsoft.AspNetCore.Mvc.Infrastructure.ControllerActionInvoker.InvokeInnerFilterAsync()
--- End of stack trace from previous location ---
   at Microsoft.AspNetCore.Mvc.Infrastructure.ResourceInvoker.&lt;InvokeFilterPipelineAsync&gt;g__Awaited|20_0(ResourceInvoker invoker, Task lastTask, State next, Scope scope, Object state, Boolean isCompleted)
   at Microsoft.AspNetCore.Mvc.Infrastructure.ResourceInvoker.&lt;InvokeAsync&gt;g__Awaited|17_0(ResourceInvoker invoker, Task task, IDisposable scope)
   at Microsoft.AspNetCore.Mvc.Infrastructure.ResourceInvoker.&lt;InvokeAsync&gt;g__Awaited|17_0(ResourceInvoker invoker, Task task, IDisposable scope)
   at Microsoft.AspNetCore.Authorization.AuthorizationMiddleware.Invoke(HttpContext context)
   at Microsoft.AspNetCore.Authentication.AuthenticationMiddleware.Invoke(HttpContext context)
   at Microsoft.AspNetCore.Server.IIS.Core.IISHttpContextOfT`1.ProcessRequestAsync()
</Data></EventData></Event><Event><System><Provider Name=".NET Runtime"/><EventID>1000</EventID><Level>1</Level><Task>0</Task><Keywords>Keywords</Keywords><TimeCreated SystemTime="2025-10-09T10:43:55Z"/><EventRecordID>19342281</EventRecordID><Channel>Application</Channel><Computer>DW1SDWK0001HX</Computer><Security/></System><EventData><Data>Category: Microsoft.AspNetCore.Server.IIS.Core.IISHttpServer
EventId: 2
SpanId: ce83244e00d69a3d
TraceId: 92160ab338e24c0d1027303876b013e0
ParentId: e9cdf76fbd988723
RequestId: 40000103-0000-fc00-b63f-84710c7967bb
RequestPath: /api/tickets

Connection ID "18158513698363146498", Request ID "40000103-0000-fc00-b63f-84710c7967bb": An unhandled exception was thrown by the application.

Exception: 
Azure.RequestFailedException: This request is not authorized to perform this operation.
RequestId:91d8e9ad-b002-00ca-5709-39d4a1000000
Time:2025-10-09T10:43:54.9966141Z
Status: 403 (Forbidden)
ErrorCode: AuthorizationFailure

Content:
{"odata.error":{"code":"AuthorizationFailure","message":{"lang":"en-US","value":"This request is not authorized to perform this operation.\nRequestId:91d8e9ad-b002-00ca-5709-39d4a1000000\nTime:2025-10-09T10:43:54.9966141Z"}}}

Headers:
Transfer-Encoding: chunked
Server: Windows-Azure-Table/1.0 Microsoft-HTTPAPI/2.0
x-ms-request-id: 91d8e9ad-b002-00ca-5709-39d4a1000000
x-ms-client-request-id: ca73dcc0-5cc8-4574-8e51-6903eed46799
x-ms-version: REDACTED
X-Content-Type-Options: REDACTED
Date: Thu, 09 Oct 2025 10:43:54 GMT
Content-Type: application/json;odata=minimalmetadata;streaming=true;charset=utf-8

   at Azure.Data.Tables.TableClient.CreateIfNotExists(CancellationToken cancellationToken)
   at SupportTicketsApi.Services.TableStorageTicketRepository..ctor(TableServiceClient tableServiceClient, ILogger`1 logger) in C:\Users\saali\source\repos\TeamsSSO\BotwithTeamsSSO\SupportTicketsApi\Services\TableStorageTicketRepository.cs:line 19
   at InvokeStub_TableStorageTicketRepository..ctor(Object, Span`1)
   at System.Reflection.MethodBaseInvoker.InvokeWithFewArgs(Object obj, BindingFlags invokeAttr, Binder binder, Object[] parameters, CultureInfo culture)
   at System.Reflection.RuntimeConstructorInfo.Invoke(BindingFlags invokeAttr, Binder binder, Object[] parameters, CultureInfo culture)
   at Microsoft.Extensions.DependencyInjection.ServiceLookup.CallSiteRuntimeResolver.VisitConstructor(ConstructorCallSite constructorCallSite, RuntimeResolverContext context)
   at Microsoft.Extensions.DependencyInjection.ServiceLookup.CallSiteVisitor`2.VisitCallSiteMain(ServiceCallSite callSite, TArgument argument)
   at Microsoft.Extensions.DependencyInjection.ServiceLookup.CallSiteRuntimeResolver.VisitRootCache(ServiceCallSite callSite, RuntimeResolverContext context)
   at Microsoft.Extensions.DependencyInjection.ServiceLookup.CallSiteVisitor`2.VisitCallSite(ServiceCallSite callSite, TArgument argument)
   at Microsoft.Extensions.DependencyInjection.ServiceLookup.CallSiteRuntimeResolver.Resolve(ServiceCallSite callSite, ServiceProviderEngineScope scope)
   at Microsoft.Extensions.DependencyInjection.ServiceProvider.CreateServiceAccessor(ServiceIdentifier serviceIdentifier)
   at System.Collections.Concurrent.ConcurrentDictionary`2.GetOrAdd(TKey key, Func`2 valueFactory)
   at Microsoft.Extensions.DependencyInjection.ServiceProvider.GetService(ServiceIdentifier serviceIdentifier, ServiceProviderEngineScope serviceProviderEngineScope)
   at Microsoft.Extensions.DependencyInjection.ServiceLookup.ServiceProviderEngineScope.GetService(Type serviceType)
   at lambda_method13(Closure, IServiceProvider, Object[])
   at Microsoft.AspNetCore.Mvc.Controllers.ControllerActivatorProvider.&lt;&gt;c__DisplayClass7_0.&lt;CreateActivator&gt;b__0(ControllerContext controllerContext)
   at Microsoft.AspNetCore.Mvc.Controllers.ControllerFactoryProvider.&lt;&gt;c__DisplayClass6_0.&lt;CreateControllerFactory&gt;g__CreateController|0(ControllerContext controllerContext)
   at Microsoft.AspNetCore.Mvc.Infrastructure.ControllerActionInvoker.Next(State&amp; next, Scope&amp; scope, Object&amp; state, Boolean&amp; isCompleted)
   at Microsoft.AspNetCore.Mvc.Infrastructure.ControllerActionInvoker.InvokeInnerFilterAsync()
--- End of stack trace from previous location ---
   at Microsoft.AspNetCore.Mvc.Infrastructure.ResourceInvoker.&lt;InvokeFilterPipelineAsync&gt;g__Awaited|20_0(ResourceInvoker invoker, Task lastTask, State next, Scope scope, Object state, Boolean isCompleted)
   at Microsoft.AspNetCore.Mvc.Infrastructure.ResourceInvoker.&lt;InvokeAsync&gt;g__Awaited|17_0(ResourceInvoker invoker, Task task, IDisposable scope)
   at Microsoft.AspNetCore.Mvc.Infrastructure.ResourceInvoker.&lt;InvokeAsync&gt;g__Awaited|17_0(ResourceInvoker invoker, Task task, IDisposable scope)
   at Microsoft.AspNetCore.Authorization.AuthorizationMiddleware.Invoke(HttpContext context)
   at Microsoft.AspNetCore.Authentication.AuthenticationMiddleware.Invoke(HttpContext context)
   at Microsoft.AspNetCore.Server.IIS.Core.IISHttpContextOfT`1.ProcessRequestAsync()
</Data></EventData></Event><Event><System><Provider Name="IIS AspNetCore Module V2"/><EventID>1033</EventID><Level>4</Level><Task>0</Task><Keywords>Keywords</Keywords><TimeCreated SystemTime="2025-10-09T10:51:38Z"/><EventRecordID>-1442436812</EventRecordID><Channel>Application</Channel><Computer>DW0SDWK0001JJ</Computer><Security/></System><EventData><Data>Application 'MACHINE/WEBROOT/APPHOST/SAALITICKETSAPICLEAN' has shutdown.</Data><Data>Process Id: 6540.</Data><Data>File Version: 19.0.25119.5. Description: IIS ASP.NET Core Module V2 Request Handler. Commit: </Data></EventData></Event><Event><System><Provider Name=".NET Runtime"/><EventID>1000</EventID><Level>1</Level><Task>0</Task><Keywords>Keywords</Keywords><TimeCreated SystemTime="2025-10-09T11:13:48Z"/><EventRecordID>21136000</EventRecordID><Channel>Application</Channel><Computer>DW1SDWK0001HX</Computer><Security/></System><EventData><Data>Category: Microsoft.AspNetCore.Server.IIS.Core.IISHttpServer
EventId: 2
SpanId: 936c73f012af1898
TraceId: 03cf48c28f8a63ed60bd17470e0bbee7
ParentId: 0000000000000000
RequestId: 4000004e-0000-c900-b63f-84710c7967bb
RequestPath: /api/tickets

Connection ID "14483576402428821581", Request ID "4000004e-0000-c900-b63f-84710c7967bb": An unhandled exception was thrown by the application.

Exception: 
Azure.RequestFailedException: This request is not authorized to perform this operation.
RequestId:5c382038-f002-00f4-1d0d-3943de000000
Time:2025-10-09T11:13:48.7266796Z
Status: 403 (Forbidden)
ErrorCode: AuthorizationFailure

Content:
{"odata.error":{"code":"AuthorizationFailure","message":{"lang":"en-US","value":"This request is not authorized to perform this operation.\nRequestId:5c382038-f002-00f4-1d0d-3943de000000\nTime:2025-10-09T11:13:48.7266796Z"}}}

Headers:
Transfer-Encoding: chunked
Server: Windows-Azure-Table/1.0 Microsoft-HTTPAPI/2.0
x-ms-request-id: 5c382038-f002-00f4-1d0d-3943de000000
x-ms-client-request-id: 7a75026a-dd2f-4b1a-9cff-3357eae30c23
x-ms-version: REDACTED
X-Content-Type-Options: REDACTED
Date: Thu, 09 Oct 2025 11:13:48 GMT
Content-Type: application/json;odata=minimalmetadata;streaming=true;charset=utf-8

   at Azure.Data.Tables.TableClient.CreateIfNotExists(CancellationToken cancellationToken)
   at SupportTicketsApi.Services.TableStorageTicketRepository..ctor(TableServiceClient tableServiceClient, ILogger`1 logger) in C:\Users\saali\source\repos\TeamsSSO\BotwithTeamsSSO\SupportTicketsApi\Services\TableStorageTicketRepository.cs:line 19
   at InvokeStub_TableStorageTicketRepository..ctor(Object, Span`1)
   at System.Reflection.MethodBaseInvoker.InvokeWithFewArgs(Object obj, BindingFlags invokeAttr, Binder binder, Object[] parameters, CultureInfo culture)
   at System.Reflection.RuntimeConstructorInfo.Invoke(BindingFlags invokeAttr, Binder binder, Object[] parameters, CultureInfo culture)
   at Microsoft.Extensions.DependencyInjection.ServiceLookup.CallSiteRuntimeResolver.VisitConstructor(ConstructorCallSite constructorCallSite, RuntimeResolverContext context)
   at Microsoft.Extensions.DependencyInjection.ServiceLookup.CallSiteVisitor`2.VisitCallSiteMain(ServiceCallSite callSite, TArgument argument)
   at Microsoft.Extensions.DependencyInjection.ServiceLookup.CallSiteRuntimeResolver.VisitRootCache(ServiceCallSite callSite, RuntimeResolverContext context)
   at Microsoft.Extensions.DependencyInjection.ServiceLookup.CallSiteVisitor`2.VisitCallSite(ServiceCallSite callSite, TArgument argument)
   at Microsoft.Extensions.DependencyInjection.ServiceLookup.CallSiteRuntimeResolver.Resolve(ServiceCallSite callSite, ServiceProviderEngineScope scope)
   at Microsoft.Extensions.DependencyInjection.ServiceProvider.CreateServiceAccessor(ServiceIdentifier serviceIdentifier)
   at Microsoft.Extensions.DependencyInjection.ServiceProvider.GetService(ServiceIdentifier serviceIdentifier, ServiceProviderEngineScope serviceProviderEngineScope)
   at Microsoft.Extensions.DependencyInjection.ServiceLookup.ServiceProviderEngineScope.GetService(Type serviceType)
   at lambda_method21(Closure, IServiceProvider, Object[])
   at Microsoft.AspNetCore.Mvc.Controllers.ControllerActivatorProvider.&lt;&gt;c__DisplayClass7_0.&lt;CreateActivator&gt;b__0(ControllerContext controllerContext)
   at Microsoft.AspNetCore.Mvc.Controllers.ControllerFactoryProvider.&lt;&gt;c__DisplayClass6_0.&lt;CreateControllerFactory&gt;g__CreateController|0(ControllerContext controllerContext)
   at Microsoft.AspNetCore.Mvc.Infrastructure.ControllerActionInvoker.Next(State&amp; next, Scope&amp; scope, Object&amp; state, Boolean&amp; isCompleted)
   at Microsoft.AspNetCore.Mvc.Infrastructure.ControllerActionInvoker.InvokeInnerFilterAsync()
--- End of stack trace from previous location ---
   at Microsoft.AspNetCore.Mvc.Infrastructure.ResourceInvoker.&lt;InvokeFilterPipelineAsync&gt;g__Awaited|20_0(ResourceInvoker invoker, Task lastTask, State next, Scope scope, Object state, Boolean isCompleted)
   at Microsoft.AspNetCore.Mvc.Infrastructure.ResourceInvoker.&lt;InvokeAsync&gt;g__Awaited|17_0(ResourceInvoker invoker, Task task, IDisposable scope)
   at Microsoft.AspNetCore.Mvc.Infrastructure.ResourceInvoker.&lt;InvokeAsync&gt;g__Awaited|17_0(ResourceInvoker invoker, Task task, IDisposable scope)
   at Microsoft.AspNetCore.Authorization.AuthorizationMiddleware.Invoke(HttpContext context)
   at Microsoft.AspNetCore.Authentication.AuthenticationMiddleware.Invoke(HttpContext context)
   at Microsoft.AspNetCore.Server.IIS.Core.IISHttpContextOfT`1.ProcessRequestAsync()
</Data></EventData></Event><Event><System><Provider Name=".NET Runtime"/><EventID>1000</EventID><Level>1</Level><Task>0</Task><Keywords>Keywords</Keywords><TimeCreated SystemTime="2025-10-09T11:13:48Z"/><EventRecordID>21136171</EventRecordID><Channel>Application</Channel><Computer>DW1SDWK0001HX</Computer><Security/></System><EventData><Data>Category: Microsoft.AspNetCore.Server.IIS.Core.IISHttpServer
EventId: 2
SpanId: 14fcd2e40ed42a42
TraceId: 790333c90d082379064551701053a88e
ParentId: 0000000000000000
RequestId: 40000011-0000-c100-b63f-84710c7967bb
RequestPath: /api/tickets

Connection ID "13907115650125398032", Request ID "40000011-0000-c100-b63f-84710c7967bb": An unhandled exception was thrown by the application.

Exception: 
Azure.RequestFailedException: This request is not authorized to perform this operation.
RequestId:5c382044-f002-00f4-260d-3943de000000
Time:2025-10-09T11:13:48.9158485Z
Status: 403 (Forbidden)
ErrorCode: AuthorizationFailure

Content:
{"odata.error":{"code":"AuthorizationFailure","message":{"lang":"en-US","value":"This request is not authorized to perform this operation.\nRequestId:5c382044-f002-00f4-260d-3943de000000\nTime:2025-10-09T11:13:48.9158485Z"}}}

Headers:
Transfer-Encoding: chunked
Server: Windows-Azure-Table/1.0 Microsoft-HTTPAPI/2.0
x-ms-request-id: 5c382044-f002-00f4-260d-3943de000000
x-ms-client-request-id: 45a7110e-3e79-40cf-866f-6bd64f283416
x-ms-version: REDACTED
X-Content-Type-Options: REDACTED
Date: Thu, 09 Oct 2025 11:13:48 GMT
Content-Type: application/json;odata=minimalmetadata;streaming=true;charset=utf-8

   at Azure.Data.Tables.TableClient.CreateIfNotExists(CancellationToken cancellationToken)
   at SupportTicketsApi.Services.TableStorageTicketRepository..ctor(TableServiceClient tableServiceClient, ILogger`1 logger) in C:\Users\saali\source\repos\TeamsSSO\BotwithTeamsSSO\SupportTicketsApi\Services\TableStorageTicketRepository.cs:line 19
   at InvokeStub_TableStorageTicketRepository..ctor(Object, Span`1)
   at System.Reflection.MethodBaseInvoker.InvokeWithFewArgs(Object obj, BindingFlags invokeAttr, Binder binder, Object[] parameters, CultureInfo culture)
   at System.Reflection.RuntimeConstructorInfo.Invoke(BindingFlags invokeAttr, Binder binder, Object[] parameters, CultureInfo culture)
   at Microsoft.Extensions.DependencyInjection.ServiceLookup.CallSiteRuntimeResolver.VisitConstructor(ConstructorCallSite constructorCallSite, RuntimeResolverContext context)
   at Microsoft.Extensions.DependencyInjection.ServiceLookup.CallSiteVisitor`2.VisitCallSiteMain(ServiceCallSite callSite, TArgument argument)
   at Microsoft.Extensions.DependencyInjection.ServiceLookup.CallSiteRuntimeResolver.VisitRootCache(ServiceCallSite callSite, RuntimeResolverContext context)
   at Microsoft.Extensions.DependencyInjection.ServiceLookup.CallSiteVisitor`2.VisitCallSite(ServiceCallSite callSite, TArgument argument)
   at Microsoft.Extensions.DependencyInjection.ServiceLookup.CallSiteRuntimeResolver.Resolve(ServiceCallSite callSite, ServiceProviderEngineScope scope)
   at Microsoft.Extensions.DependencyInjection.ServiceProvider.CreateServiceAccessor(ServiceIdentifier serviceIdentifier)
   at Microsoft.Extensions.DependencyInjection.ServiceProvider.GetService(ServiceIdentifier serviceIdentifier, ServiceProviderEngineScope serviceProviderEngineScope)
   at Microsoft.Extensions.DependencyInjection.ServiceLookup.ServiceProviderEngineScope.GetService(Type serviceType)
   at lambda_method13(Closure, IServiceProvider, Object[])
   at Microsoft.AspNetCore.Mvc.Controllers.ControllerActivatorProvider.&lt;&gt;c__DisplayClass7_0.&lt;CreateActivator&gt;b__0(ControllerContext controllerContext)
   at Microsoft.AspNetCore.Mvc.Controllers.ControllerFactoryProvider.&lt;&gt;c__DisplayClass6_0.&lt;CreateControllerFactory&gt;g__CreateController|0(ControllerContext controllerContext)
   at Microsoft.AspNetCore.Mvc.Infrastructure.ControllerActionInvoker.Next(State&amp; next, Scope&amp; scope, Object&amp; state, Boolean&amp; isCompleted)
   at Microsoft.AspNetCore.Mvc.Infrastructure.ControllerActionInvoker.InvokeInnerFilterAsync()
--- End of stack trace from previous location ---
   at Microsoft.AspNetCore.Mvc.Infrastructure.ResourceInvoker.&lt;InvokeFilterPipelineAsync&gt;g__Awaited|20_0(ResourceInvoker invoker, Task lastTask, State next, Scope scope, Object state, Boolean isCompleted)
   at Microsoft.AspNetCore.Mvc.Infrastructure.ResourceInvoker.&lt;InvokeAsync&gt;g__Awaited|17_0(ResourceInvoker invoker, Task task, IDisposable scope)
   at Microsoft.AspNetCore.Mvc.Infrastructure.ResourceInvoker.&lt;InvokeAsync&gt;g__Awaited|17_0(ResourceInvoker invoker, Task task, IDisposable scope)
   at Microsoft.AspNetCore.Authorization.AuthorizationMiddleware.Invoke(HttpContext context)
   at Microsoft.AspNetCore.Authentication.AuthenticationMiddleware.Invoke(HttpContext context)
   at Microsoft.AspNetCore.Server.IIS.Core.IISHttpContextOfT`1.ProcessRequestAsync()
</Data></EventData></Event><Event><System><Provider Name="IIS AspNetCore Module V2"/><EventID>1012</EventID><Level>4</Level><Task>0</Task><Keywords>Keywords</Keywords><TimeCreated SystemTime="2025-10-09T11:16:05Z"/><EventRecordID>21272546</EventRecordID><Channel>Application</Channel><Computer>DW1SDWK0001HX</Computer><Security/></System><EventData><Data>Application 'C:\home\site\wwwroot\' was recycled after detecting app_offline.htm.</Data><Data>Process Id: 7396.</Data><Data>File Version: 19.0.25119.5. Description: IIS ASP.NET Core Module V2 Request Handler. Commit: </Data></EventData></Event><Event><System><Provider Name="IIS AspNetCore Module V2"/><EventID>1033</EventID><Level>4</Level><Task>0</Task><Keywords>Keywords</Keywords><TimeCreated SystemTime="2025-10-09T11:16:05Z"/><EventRecordID>21273015</EventRecordID><Channel>Application</Channel><Computer>DW1SDWK0001HX</Computer><Security/></System><EventData><Data>Application 'MACHINE/WEBROOT/APPHOST/SAALITICKETSAPICLEAN' has shutdown.</Data><Data>Process Id: 7396.</Data><Data>File Version: 19.0.25119.5. Description: IIS ASP.NET Core Module V2 Request Handler. Commit: </Data></EventData></Event><Event><System><Provider Name="IIS AspNetCore Module V2"/><EventID>1032</EventID><Level>4</Level><Task>0</Task><Keywords>Keywords</Keywords><TimeCreated SystemTime="2025-10-09T11:16:33Z"/><EventRecordID>21301015</EventRecordID><Channel>Application</Channel><Computer>DW1SDWK0001HX</Computer><Security/></System><EventData><Data>Application 'C:\home\site\wwwroot\' started successfully.</Data><Data>Process Id: 5156.</Data><Data>File Version: 19.0.25119.5. Description: IIS ASP.NET Core Module V2 Request Handler. Commit: </Data></EventData></Event><Event><System><Provider Name=".NET Runtime"/><EventID>1000</EventID><Level>1</Level><Task>0</Task><Keywords>Keywords</Keywords><TimeCreated SystemTime="2025-10-09T11:16:35Z"/><EventRecordID>21303234</EventRecordID><Channel>Application</Channel><Computer>DW1SDWK0001HX</Computer><Security/></System><EventData><Data>Category: SupportTicketsApi.Services.TableStorageFeedbackRepository
EventId: 0
SpanId: 92c2d14d00f962e8
TraceId: e134e4103619a9c7b7859496e1f5fbf8
ParentId: 0000000000000000
RequestId: 4000012d-0000-bf00-b63f-84710c7967bb
RequestPath: /api/feedback
ActionId: 9e6c47a6-0fcc-49f3-a2d3-140d9e635cb1
ActionName: SupportTicketsApi.Controllers.FeedbackController.GetFeedback (SupportTicketsApi)

Error retrieving feedback for user (null), conversation (null)

Exception: 
Azure.RequestFailedException: This request is not authorized to perform this operation.
RequestId:e2fdb93a-5002-0026-180e-39c030000000
Time:2025-10-09T11:16:35.8673299Z
Status: 403 (Forbidden)
ErrorCode: AuthorizationFailure

Content:
{"odata.error":{"code":"AuthorizationFailure","message":{"lang":"en-US","value":"This request is not authorized to perform this operation.\nRequestId:e2fdb93a-5002-0026-180e-39c030000000\nTime:2025-10-09T11:16:35.8673299Z"}}}

Headers:
Transfer-Encoding: chunked
Server: Windows-Azure-Table/1.0 Microsoft-HTTPAPI/2.0
x-ms-request-id: e2fdb93a-5002-0026-180e-39c030000000
x-ms-client-request-id: 51b85acb-fd12-4df7-8fb1-af55d1c0ac19
x-ms-version: REDACTED
X-Content-Type-Options: REDACTED
Date: Thu, 09 Oct 2025 11:16:35 GMT
Content-Type: application/json;odata=minimalmetadata;streaming=true;charset=utf-8

   at Azure.Data.Tables.TableClient.CreateIfNotExistsAsync(CancellationToken cancellationToken)
   at SupportTicketsApi.Services.TableStorageFeedbackRepository.GetFeedbackAsync(String userId, String conversationId) in C:\Users\saali\source\repos\TeamsSSO\BotwithTeamsSSO\SupportTicketsApi\Services\TableStorageFeedbackRepository.cs:line 42
</Data></EventData></Event><Event><System><Provider Name=".NET Runtime"/><EventID>1000</EventID><Level>1</Level><Task>0</Task><Keywords>Keywords</Keywords><TimeCreated SystemTime="2025-10-09T11:16:36Z"/><EventRecordID>21303250</EventRecordID><Channel>Application</Channel><Computer>DW1SDWK0001HX</Computer><Security/></System><EventData><Data>Category: SupportTicketsApi.Controllers.FeedbackController
EventId: 0
SpanId: 92c2d14d00f962e8
TraceId: e134e4103619a9c7b7859496e1f5fbf8
ParentId: 0000000000000000
RequestId: 4000012d-0000-bf00-b63f-84710c7967bb
RequestPath: /api/feedback
ActionId: 9e6c47a6-0fcc-49f3-a2d3-140d9e635cb1
ActionName: SupportTicketsApi.Controllers.FeedbackController.GetFeedback (SupportTicketsApi)

Error retrieving feedback for user (null), conversation (null)

Exception: 
Azure.RequestFailedException: This request is not authorized to perform this operation.
RequestId:e2fdb93a-5002-0026-180e-39c030000000
Time:2025-10-09T11:16:35.8673299Z
Status: 403 (Forbidden)
ErrorCode: AuthorizationFailure

Content:
{"odata.error":{"code":"AuthorizationFailure","message":{"lang":"en-US","value":"This request is not authorized to perform this operation.\nRequestId:e2fdb93a-5002-0026-180e-39c030000000\nTime:2025-10-09T11:16:35.8673299Z"}}}

Headers:
Transfer-Encoding: chunked
Server: Windows-Azure-Table/1.0 Microsoft-HTTPAPI/2.0
x-ms-request-id: e2fdb93a-5002-0026-180e-39c030000000
x-ms-client-request-id: 51b85acb-fd12-4df7-8fb1-af55d1c0ac19
x-ms-version: REDACTED
X-Content-Type-Options: REDACTED
Date: Thu, 09 Oct 2025 11:16:35 GMT
Content-Type: application/json;odata=minimalmetadata;streaming=true;charset=utf-8

   at Azure.Data.Tables.TableClient.CreateIfNotExistsAsync(CancellationToken cancellationToken)
   at SupportTicketsApi.Services.TableStorageFeedbackRepository.GetFeedbackAsync(String userId, String conversationId) in C:\Users\saali\source\repos\TeamsSSO\BotwithTeamsSSO\SupportTicketsApi\Services\TableStorageFeedbackRepository.cs:line 42
   at SupportTicketsApi.Controllers.FeedbackController.GetFeedback(String userId, String conversationId) in C:\Users\saali\source\repos\TeamsSSO\BotwithTeamsSSO\SupportTicketsApi\Controllers\FeedbackController.cs:line 83
</Data></EventData></Event><Event><System><Provider Name="IIS AspNetCore Module V2"/><EventID>1033</EventID><Level>4</Level><Task>0</Task><Keywords>Keywords</Keywords><TimeCreated SystemTime="2025-10-09T11:16:47Z"/><EventRecordID>21315171</EventRecordID><Channel>Application</Channel><Computer>DW1SDWK0001HX</Computer><Security/></System><EventData><Data>Application 'MACHINE/WEBROOT/APPHOST/SAALITICKETSAPICLEAN' has shutdown.</Data><Data>Process Id: 5156.</Data><Data>File Version: 19.0.25119.5. Description: IIS ASP.NET Core Module V2 Request Handler. Commit: </Data></EventData></Event><Event><System><Provider Name="IIS AspNetCore Module V2"/><EventID>1032</EventID><Level>4</Level><Task>0</Task><Keywords>Keywords</Keywords><TimeCreated SystemTime="2025-10-09T11:17:59Z"/><EventRecordID>21386562</EventRecordID><Channel>Application</Channel><Computer>DW1SDWK0001HX</Computer><Security/></System><EventData><Data>Application 'C:\home\site\wwwroot\' started successfully.</Data><Data>Process Id: 7372.</Data><Data>File Version: 19.0.25119.5. Description: IIS ASP.NET Core Module V2 Request Handler. Commit: </Data></EventData></Event><Event><System><Provider Name=".NET Runtime"/><EventID>1000</EventID><Level>1</Level><Task>0</Task><Keywords>Keywords</Keywords><TimeCreated SystemTime="2025-10-09T11:18:02Z"/><EventRecordID>21390218</EventRecordID><Channel>Application</Channel><Computer>DW1SDWK0001HX</Computer><Security/></System><EventData><Data>Category: SupportTicketsApi.Services.TableStorageFeedbackRepository
EventId: 0
SpanId: 5d4e2b05e1c3bfd0
TraceId: 86b82fa3cbc6204fb809b7ca553c0db0
ParentId: 0000000000000000
RequestId: 40000027-0000-d600-b63f-84710c7967bb
RequestPath: /api/feedback
ActionId: 07e7c023-f166-4d74-a53f-0070fa0436d2
ActionName: SupportTicketsApi.Controllers.FeedbackController.GetFeedback (SupportTicketsApi)

Error retrieving feedback for user (null), conversation (null)

Exception: 
Azure.RequestFailedException: This request is not authorized to perform this operation.
RequestId:a7e79b2b-c002-0079-800e-39740c000000
Time:2025-10-09T11:18:02.5462789Z
Status: 403 (Forbidden)
ErrorCode: AuthorizationFailure

Content:
{"odata.error":{"code":"AuthorizationFailure","message":{"lang":"en-US","value":"This request is not authorized to perform this operation.\nRequestId:a7e79b2b-c002-0079-800e-39740c000000\nTime:2025-10-09T11:18:02.5462789Z"}}}

Headers:
Transfer-Encoding: chunked
Server: Windows-Azure-Table/1.0 Microsoft-HTTPAPI/2.0
x-ms-request-id: a7e79b2b-c002-0079-800e-39740c000000
x-ms-client-request-id: 24ee6fe5-e0ea-4bb2-b1ce-cb8c8da65548
x-ms-version: REDACTED
X-Content-Type-Options: REDACTED
Date: Thu, 09 Oct 2025 11:18:01 GMT
Content-Type: application/json;odata=minimalmetadata;streaming=true;charset=utf-8

   at Azure.Data.Tables.TableClient.CreateIfNotExistsAsync(CancellationToken cancellationToken)
   at SupportTicketsApi.Services.TableStorageFeedbackRepository.GetFeedbackAsync(String userId, String conversationId) in C:\Users\saali\source\repos\TeamsSSO\BotwithTeamsSSO\SupportTicketsApi\Services\TableStorageFeedbackRepository.cs:line 42
</Data></EventData></Event><Event><System><Provider Name=".NET Runtime"/><EventID>1000</EventID><Level>1</Level><Task>0</Task><Keywords>Keywords</Keywords><TimeCreated SystemTime="2025-10-09T11:18:02Z"/><EventRecordID>21390234</EventRecordID><Channel>Application</Channel><Computer>DW1SDWK0001HX</Computer><Security/></System><EventData><Data>Category: SupportTicketsApi.Controllers.FeedbackController
EventId: 0
SpanId: 5d4e2b05e1c3bfd0
TraceId: 86b82fa3cbc6204fb809b7ca553c0db0
ParentId: 0000000000000000
RequestId: 40000027-0000-d600-b63f-84710c7967bb
RequestPath: /api/feedback
ActionId: 07e7c023-f166-4d74-a53f-0070fa0436d2
ActionName: SupportTicketsApi.Controllers.FeedbackController.GetFeedback (SupportTicketsApi)

Error retrieving feedback for user (null), conversation (null)

Exception: 
Azure.RequestFailedException: This request is not authorized to perform this operation.
RequestId:a7e79b2b-c002-0079-800e-39740c000000
Time:2025-10-09T11:18:02.5462789Z
Status: 403 (Forbidden)
ErrorCode: AuthorizationFailure

Content:
{"odata.error":{"code":"AuthorizationFailure","message":{"lang":"en-US","value":"This request is not authorized to perform this operation.\nRequestId:a7e79b2b-c002-0079-800e-39740c000000\nTime:2025-10-09T11:18:02.5462789Z"}}}

Headers:
Transfer-Encoding: chunked
Server: Windows-Azure-Table/1.0 Microsoft-HTTPAPI/2.0
x-ms-request-id: a7e79b2b-c002-0079-800e-39740c000000
x-ms-client-request-id: 24ee6fe5-e0ea-4bb2-b1ce-cb8c8da65548
x-ms-version: REDACTED
X-Content-Type-Options: REDACTED
Date: Thu, 09 Oct 2025 11:18:01 GMT
Content-Type: application/json;odata=minimalmetadata;streaming=true;charset=utf-8

   at Azure.Data.Tables.TableClient.CreateIfNotExistsAsync(CancellationToken cancellationToken)
   at SupportTicketsApi.Services.TableStorageFeedbackRepository.GetFeedbackAsync(String userId, String conversationId) in C:\Users\saali\source\repos\TeamsSSO\BotwithTeamsSSO\SupportTicketsApi\Services\TableStorageFeedbackRepository.cs:line 42
   at SupportTicketsApi.Controllers.FeedbackController.GetFeedback(String userId, String conversationId) in C:\Users\saali\source\repos\TeamsSSO\BotwithTeamsSSO\SupportTicketsApi\Controllers\FeedbackController.cs:line 83
</Data></EventData></Event><Event><System><Provider Name=".NET Runtime"/><EventID>1000</EventID><Level>1</Level><Task>0</Task><Keywords>Keywords</Keywords><TimeCreated SystemTime="2025-10-09T11:18:04Z"/><EventRecordID>21391531</EventRecordID><Channel>Application</Channel><Computer>DW1SDWK0001HX</Computer><Security/></System><EventData><Data>Category: Microsoft.AspNetCore.Server.IIS.Core.IISHttpServer
EventId: 2
SpanId: 9f5ca75093f524eb
TraceId: 6e5ac29a0b47b356c7955badd3283902
ParentId: 0000000000000000
RequestId: 4000011c-0000-cf00-b63f-84710c7967bb
RequestPath: /api/tickets

Connection ID "14915921966656389403", Request ID "4000011c-0000-cf00-b63f-84710c7967bb": An unhandled exception was thrown by the application.

Exception: 
Azure.RequestFailedException: This request is not authorized to perform this operation.
RequestId:a7e79b82-c002-0079-520e-39740c000000
Time:2025-10-09T11:18:04.2179459Z
Status: 403 (Forbidden)
ErrorCode: AuthorizationFailure

Content:
{"odata.error":{"code":"AuthorizationFailure","message":{"lang":"en-US","value":"This request is not authorized to perform this operation.\nRequestId:a7e79b82-c002-0079-520e-39740c000000\nTime:2025-10-09T11:18:04.2179459Z"}}}

Headers:
Transfer-Encoding: chunked
Server: Windows-Azure-Table/1.0 Microsoft-HTTPAPI/2.0
x-ms-request-id: a7e79b82-c002-0079-520e-39740c000000
x-ms-client-request-id: e5ae47c4-8685-4897-9373-f500a93ded96
x-ms-version: REDACTED
X-Content-Type-Options: REDACTED
Date: Thu, 09 Oct 2025 11:18:03 GMT
Content-Type: application/json;odata=minimalmetadata;streaming=true;charset=utf-8

   at Azure.Data.Tables.TableClient.CreateIfNotExists(CancellationToken cancellationToken)
   at SupportTicketsApi.Services.TableStorageTicketRepository..ctor(TableServiceClient tableServiceClient, ILogger`1 logger) in C:\Users\saali\source\repos\TeamsSSO\BotwithTeamsSSO\SupportTicketsApi\Services\TableStorageTicketRepository.cs:line 19
   at System.RuntimeMethodHandle.InvokeMethod(Object target, Void** arguments, Signature sig, Boolean isConstructor)
   at System.Reflection.MethodBaseInvoker.InterpretedInvoke_Constructor(Object obj, IntPtr* args)
   at System.Reflection.MethodBaseInvoker.InvokeDirectByRefWithFewArgs(Object obj, Span`1 copyOfArgs, BindingFlags invokeAttr)
   at System.Reflection.MethodBaseInvoker.InvokeWithFewArgs(Object obj, BindingFlags invokeAttr, Binder binder, Object[] parameters, CultureInfo culture)
   at System.Reflection.RuntimeConstructorInfo.Invoke(BindingFlags invokeAttr, Binder binder, Object[] parameters, CultureInfo culture)
   at Microsoft.Extensions.DependencyInjection.ServiceLookup.CallSiteRuntimeResolver.VisitConstructor(ConstructorCallSite constructorCallSite, RuntimeResolverContext context)
   at Microsoft.Extensions.DependencyInjection.ServiceLookup.CallSiteVisitor`2.VisitCallSiteMain(ServiceCallSite callSite, TArgument argument)
   at Microsoft.Extensions.DependencyInjection.ServiceLookup.CallSiteRuntimeResolver.VisitRootCache(ServiceCallSite callSite, RuntimeResolverContext context)
   at Microsoft.Extensions.DependencyInjection.ServiceLookup.CallSiteVisitor`2.VisitCallSite(ServiceCallSite callSite, TArgument argument)
   at Microsoft.Extensions.DependencyInjection.ServiceLookup.CallSiteRuntimeResolver.Resolve(ServiceCallSite callSite, ServiceProviderEngineScope scope)
   at Microsoft.Extensions.DependencyInjection.ServiceProvider.CreateServiceAccessor(ServiceIdentifier serviceIdentifier)
   at System.Collections.Concurrent.ConcurrentDictionary`2.GetOrAdd(TKey key, Func`2 valueFactory)
   at Microsoft.Extensions.DependencyInjection.ServiceProvider.GetService(ServiceIdentifier serviceIdentifier, ServiceProviderEngineScope serviceProviderEngineScope)
   at Microsoft.Extensions.DependencyInjection.ServiceLookup.ServiceProviderEngineScope.GetService(Type serviceType)
   at lambda_method20(Closure, IServiceProvider, Object[])
   at Microsoft.AspNetCore.Mvc.Controllers.ControllerActivatorProvider.&lt;&gt;c__DisplayClass7_0.&lt;CreateActivator&gt;b__0(ControllerContext controllerContext)
   at Microsoft.AspNetCore.Mvc.Controllers.ControllerFactoryProvider.&lt;&gt;c__DisplayClass6_0.&lt;CreateControllerFactory&gt;g__CreateController|0(ControllerContext controllerContext)
   at Microsoft.AspNetCore.Mvc.Infrastructure.ControllerActionInvoker.Next(State&amp; next, Scope&amp; scope, Object&amp; state, Boolean&amp; isCompleted)
   at Microsoft.AspNetCore.Mvc.Infrastructure.ControllerActionInvoker.InvokeInnerFilterAsync()
--- End of stack trace from previous location ---
   at Microsoft.AspNetCore.Mvc.Infrastructure.ResourceInvoker.&lt;InvokeFilterPipelineAsync&gt;g__Awaited|20_0(ResourceInvoker invoker, Task lastTask, State next, Scope scope, Object state, Boolean isCompleted)
   at Microsoft.AspNetCore.Mvc.Infrastructure.ResourceInvoker.&lt;InvokeAsync&gt;g__Awaited|17_0(ResourceInvoker invoker, Task task, IDisposable scope)
   at Microsoft.AspNetCore.Mvc.Infrastructure.ResourceInvoker.&lt;InvokeAsync&gt;g__Awaited|17_0(ResourceInvoker invoker, Task task, IDisposable scope)
   at Microsoft.AspNetCore.Authorization.AuthorizationMiddleware.Invoke(HttpContext context)
   at Microsoft.AspNetCore.Authentication.AuthenticationMiddleware.Invoke(HttpContext context)
   at Microsoft.AspNetCore.Server.IIS.Core.IISHttpContextOfT`1.ProcessRequestAsync()
</Data></EventData></Event><Event><System><Provider Name=".NET Runtime"/><EventID>1000</EventID><Level>1</Level><Task>0</Task><Keywords>Keywords</Keywords><TimeCreated SystemTime="2025-10-09T11:18:04Z"/><EventRecordID>21391671</EventRecordID><Channel>Application</Channel><Computer>DW1SDWK0001HX</Computer><Security/></System><EventData><Data>Category: SupportTicketsApi.Services.TableStorageFeedbackRepository
EventId: 0
SpanId: 1728aac7a753a5d6
TraceId: 201331410cb50c80ce18b1321d9b26b2
ParentId: 0000000000000000
RequestId: 40000050-0000-c900-b63f-84710c7967bb
RequestPath: /api/feedback
ActionId: 07e7c023-f166-4d74-a53f-0070fa0436d2
ActionName: SupportTicketsApi.Controllers.FeedbackController.GetFeedback (SupportTicketsApi)

Error retrieving feedback for user (null), conversation (null)

Exception: 
Azure.RequestFailedException: This request is not authorized to perform this operation.
RequestId:a7e79b91-c002-0079-5f0e-39740c000000
Time:2025-10-09T11:18:04.4081116Z
Status: 403 (Forbidden)
ErrorCode: AuthorizationFailure

Content:
{"odata.error":{"code":"AuthorizationFailure","message":{"lang":"en-US","value":"This request is not authorized to perform this operation.\nRequestId:a7e79b91-c002-0079-5f0e-39740c000000\nTime:2025-10-09T11:18:04.4081116Z"}}}

Headers:
Transfer-Encoding: chunked
Server: Windows-Azure-Table/1.0 Microsoft-HTTPAPI/2.0
x-ms-request-id: a7e79b91-c002-0079-5f0e-39740c000000
x-ms-client-request-id: 7d512474-28f4-4a8e-83c5-c7e03181921a
x-ms-version: REDACTED
X-Content-Type-Options: REDACTED
Date: Thu, 09 Oct 2025 11:18:03 GMT
Content-Type: application/json;odata=minimalmetadata;streaming=true;charset=utf-8

   at Azure.Data.Tables.TableClient.CreateIfNotExistsAsync(CancellationToken cancellationToken)
   at SupportTicketsApi.Services.TableStorageFeedbackRepository.GetFeedbackAsync(String userId, String conversationId) in C:\Users\saali\source\repos\TeamsSSO\BotwithTeamsSSO\SupportTicketsApi\Services\TableStorageFeedbackRepository.cs:line 42
</Data></EventData></Event><Event><System><Provider Name=".NET Runtime"/><EventID>1000</EventID><Level>1</Level><Task>0</Task><Keywords>Keywords</Keywords><TimeCreated SystemTime="2025-10-09T11:18:04Z"/><EventRecordID>21391687</EventRecordID><Channel>Application</Channel><Computer>DW1SDWK0001HX</Computer><Security/></System><EventData><Data>Category: SupportTicketsApi.Controllers.FeedbackController
EventId: 0
SpanId: 1728aac7a753a5d6
TraceId: 201331410cb50c80ce18b1321d9b26b2
ParentId: 0000000000000000
RequestId: 40000050-0000-c900-b63f-84710c7967bb
RequestPath: /api/feedback
ActionId: 07e7c023-f166-4d74-a53f-0070fa0436d2
ActionName: SupportTicketsApi.Controllers.FeedbackController.GetFeedback (SupportTicketsApi)

Error retrieving feedback for user (null), conversation (null)

Exception: 
Azure.RequestFailedException: This request is not authorized to perform this operation.
RequestId:a7e79b91-c002-0079-5f0e-39740c000000
Time:2025-10-09T11:18:04.4081116Z
Status: 403 (Forbidden)
ErrorCode: AuthorizationFailure

Content:
{"odata.error":{"code":"AuthorizationFailure","message":{"lang":"en-US","value":"This request is not authorized to perform this operation.\nRequestId:a7e79b91-c002-0079-5f0e-39740c000000\nTime:2025-10-09T11:18:04.4081116Z"}}}

Headers:
Transfer-Encoding: chunked
Server: Windows-Azure-Table/1.0 Microsoft-HTTPAPI/2.0
x-ms-request-id: a7e79b91-c002-0079-5f0e-39740c000000
x-ms-client-request-id: 7d512474-28f4-4a8e-83c5-c7e03181921a
x-ms-version: REDACTED
X-Content-Type-Options: REDACTED
Date: Thu, 09 Oct 2025 11:18:03 GMT
Content-Type: application/json;odata=minimalmetadata;streaming=true;charset=utf-8

   at Azure.Data.Tables.TableClient.CreateIfNotExistsAsync(CancellationToken cancellationToken)
   at SupportTicketsApi.Services.TableStorageFeedbackRepository.GetFeedbackAsync(String userId, String conversationId) in C:\Users\saali\source\repos\TeamsSSO\BotwithTeamsSSO\SupportTicketsApi\Services\TableStorageFeedbackRepository.cs:line 42
   at SupportTicketsApi.Controllers.FeedbackController.GetFeedback(String userId, String conversationId) in C:\Users\saali\source\repos\TeamsSSO\BotwithTeamsSSO\SupportTicketsApi\Controllers\FeedbackController.cs:line 83
</Data></EventData></Event><Event><System><Provider Name=".NET Runtime"/><EventID>1000</EventID><Level>1</Level><Task>0</Task><Keywords>Keywords</Keywords><TimeCreated SystemTime="2025-10-09T11:18:04Z"/><EventRecordID>21391781</EventRecordID><Channel>Application</Channel><Computer>DW1SDWK0001HX</Computer><Security/></System><EventData><Data>Category: Microsoft.AspNetCore.Server.IIS.Core.IISHttpServer
EventId: 2
SpanId: 30c47c14c48d13c6
TraceId: e0bb00fa77bdeeb3797fc7884e759414
ParentId: 0000000000000000
RequestId: 40000051-0000-c900-b63f-84710c7967bb
RequestPath: /api/tickets

Connection ID "14483576402428821583", Request ID "40000051-0000-c900-b63f-84710c7967bb": An unhandled exception was thrown by the application.

Exception: 
Azure.RequestFailedException: This request is not authorized to perform this operation.
RequestId:a7e79b98-c002-0079-660e-39740c000000
Time:2025-10-09T11:18:04.5176306Z
Status: 403 (Forbidden)
ErrorCode: AuthorizationFailure

Content:
{"odata.error":{"code":"AuthorizationFailure","message":{"lang":"en-US","value":"This request is not authorized to perform this operation.\nRequestId:a7e79b98-c002-0079-660e-39740c000000\nTime:2025-10-09T11:18:04.5176306Z"}}}

Headers:
Transfer-Encoding: chunked
Server: Windows-Azure-Table/1.0 Microsoft-HTTPAPI/2.0
x-ms-request-id: a7e79b98-c002-0079-660e-39740c000000
x-ms-client-request-id: 660dbec3-eec0-452b-aec8-dcd24257eebf
x-ms-version: REDACTED
X-Content-Type-Options: REDACTED
Date: Thu, 09 Oct 2025 11:18:03 GMT
Content-Type: application/json;odata=minimalmetadata;streaming=true;charset=utf-8

   at Azure.Data.Tables.TableClient.CreateIfNotExists(CancellationToken cancellationToken)
   at SupportTicketsApi.Services.TableStorageTicketRepository..ctor(TableServiceClient tableServiceClient, ILogger`1 logger) in C:\Users\saali\source\repos\TeamsSSO\BotwithTeamsSSO\SupportTicketsApi\Services\TableStorageTicketRepository.cs:line 19
   at InvokeStub_TableStorageTicketRepository..ctor(Object, Span`1)
   at System.Reflection.MethodBaseInvoker.InvokeWithFewArgs(Object obj, BindingFlags invokeAttr, Binder binder, Object[] parameters, CultureInfo culture)
   at System.Reflection.RuntimeConstructorInfo.Invoke(BindingFlags invokeAttr, Binder binder, Object[] parameters, CultureInfo culture)
   at Microsoft.Extensions.DependencyInjection.ServiceLookup.CallSiteRuntimeResolver.VisitConstructor(ConstructorCallSite constructorCallSite, RuntimeResolverContext context)
   at Microsoft.Extensions.DependencyInjection.ServiceLookup.CallSiteVisitor`2.VisitCallSiteMain(ServiceCallSite callSite, TArgument argument)
   at Microsoft.Extensions.DependencyInjection.ServiceLookup.CallSiteRuntimeResolver.VisitRootCache(ServiceCallSite callSite, RuntimeResolverContext context)
   at Microsoft.Extensions.DependencyInjection.ServiceLookup.CallSiteVisitor`2.VisitCallSite(ServiceCallSite callSite, TArgument argument)
   at Microsoft.Extensions.DependencyInjection.ServiceLookup.CallSiteRuntimeResolver.Resolve(ServiceCallSite callSite, ServiceProviderEngineScope scope)
   at Microsoft.Extensions.DependencyInjection.ServiceProvider.CreateServiceAccessor(ServiceIdentifier serviceIdentifier)
   at System.Collections.Concurrent.ConcurrentDictionary`2.GetOrAdd(TKey key, Func`2 valueFactory)
   at Microsoft.Extensions.DependencyInjection.ServiceProvider.GetService(ServiceIdentifier serviceIdentifier, ServiceProviderEngineScope serviceProviderEngineScope)
   at Microsoft.Extensions.DependencyInjection.ServiceLookup.ServiceProviderEngineScope.GetService(Type serviceType)
   at lambda_method28(Closure, IServiceProvider, Object[])
   at Microsoft.AspNetCore.Mvc.Controllers.ControllerActivatorProvider.&lt;&gt;c__DisplayClass7_0.&lt;CreateActivator&gt;b__0(ControllerContext controllerContext)
   at Microsoft.AspNetCore.Mvc.Controllers.ControllerFactoryProvider.&lt;&gt;c__DisplayClass6_0.&lt;CreateControllerFactory&gt;g__CreateController|0(ControllerContext controllerContext)
   at Microsoft.AspNetCore.Mvc.Infrastructure.ControllerActionInvoker.Next(State&amp; next, Scope&amp; scope, Object&amp; state, Boolean&amp; isCompleted)
   at Microsoft.AspNetCore.Mvc.Infrastructure.ControllerActionInvoker.InvokeInnerFilterAsync()
--- End of stack trace from previous location ---
   at Microsoft.AspNetCore.Mvc.Infrastructure.ResourceInvoker.&lt;InvokeFilterPipelineAsync&gt;g__Awaited|20_0(ResourceInvoker invoker, Task lastTask, State next, Scope scope, Object state, Boolean isCompleted)
   at Microsoft.AspNetCore.Mvc.Infrastructure.ResourceInvoker.&lt;InvokeAsync&gt;g__Awaited|17_0(ResourceInvoker invoker, Task task, IDisposable scope)
   at Microsoft.AspNetCore.Mvc.Infrastructure.ResourceInvoker.&lt;InvokeAsync&gt;g__Awaited|17_0(ResourceInvoker invoker, Task task, IDisposable scope)
   at Microsoft.AspNetCore.Authorization.AuthorizationMiddleware.Invoke(HttpContext context)
   at Microsoft.AspNetCore.Authentication.AuthenticationMiddleware.Invoke(HttpContext context)
   at Microsoft.AspNetCore.Server.IIS.Core.IISHttpContextOfT`1.ProcessRequestAsync()
</Data></EventData></Event><Event><System><Provider Name=".NET Runtime"/><EventID>1000</EventID><Level>1</Level><Task>0</Task><Keywords>Keywords</Keywords><TimeCreated SystemTime="2025-10-09T11:18:04Z"/><EventRecordID>21392046</EventRecordID><Channel>Application</Channel><Computer>DW1SDWK0001HX</Computer><Security/></System><EventData><Data>Category: SupportTicketsApi.Services.TableStorageFeedbackRepository
EventId: 0
SpanId: bc3567cfc7ae4385
TraceId: f96ebb7db16a63b5453eb9bf76aae691
ParentId: 0000000000000000
RequestId: 40000052-0000-c900-b63f-84710c7967bb
RequestPath: /api/feedback
ActionId: 053be8f7-3bd0-4f32-ba51-47857876f388
ActionName: SupportTicketsApi.Controllers.FeedbackController.CreateFeedback (SupportTicketsApi)

Error creating feedback for user test-user-ps

Exception: 
Azure.RequestFailedException: This request is not authorized to perform this operation.
RequestId:a7e79bb4-c002-0079-800e-39740c000000
Time:2025-10-09T11:18:04.7715171Z
Status: 403 (Forbidden)
ErrorCode: AuthorizationFailure

Content:
{"odata.error":{"code":"AuthorizationFailure","message":{"lang":"en-US","value":"This request is not authorized to perform this operation.\nRequestId:a7e79bb4-c002-0079-800e-39740c000000\nTime:2025-10-09T11:18:04.7715171Z"}}}

Headers:
Transfer-Encoding: chunked
Server: Windows-Azure-Table/1.0 Microsoft-HTTPAPI/2.0
x-ms-request-id: a7e79bb4-c002-0079-800e-39740c000000
x-ms-client-request-id: 2ca6fe4d-1bb2-4cb2-acb3-0ca7093a4636
x-ms-version: REDACTED
X-Content-Type-Options: REDACTED
Date: Thu, 09 Oct 2025 11:18:03 GMT
Content-Type: application/json;odata=minimalmetadata;streaming=true;charset=utf-8

   at Azure.Data.Tables.TableClient.CreateIfNotExistsAsync(CancellationToken cancellationToken)
   at SupportTicketsApi.Services.TableStorageFeedbackRepository.CreateFeedbackAsync(CreateFeedbackRequest request) in C:\Users\saali\source\repos\TeamsSSO\BotwithTeamsSSO\SupportTicketsApi\Services\TableStorageFeedbackRepository.cs:line 23
</Data></EventData></Event><Event><System><Provider Name=".NET Runtime"/><EventID>1000</EventID><Level>1</Level><Task>0</Task><Keywords>Keywords</Keywords><TimeCreated SystemTime="2025-10-09T11:18:04Z"/><EventRecordID>21392093</EventRecordID><Channel>Application</Channel><Computer>DW1SDWK0001HX</Computer><Security/></System><EventData><Data>Category: SupportTicketsApi.Controllers.FeedbackController
EventId: 0
SpanId: bc3567cfc7ae4385
TraceId: f96ebb7db16a63b5453eb9bf76aae691
ParentId: 0000000000000000
RequestId: 40000052-0000-c900-b63f-84710c7967bb
RequestPath: /api/feedback
ActionId: 053be8f7-3bd0-4f32-ba51-47857876f388
ActionName: SupportTicketsApi.Controllers.FeedbackController.CreateFeedback (SupportTicketsApi)

Error creating feedback for user test-user-ps

Exception: 
Azure.RequestFailedException: This request is not authorized to perform this operation.
RequestId:a7e79bb4-c002-0079-800e-39740c000000
Time:2025-10-09T11:18:04.7715171Z
Status: 403 (Forbidden)
ErrorCode: AuthorizationFailure

Content:
{"odata.error":{"code":"AuthorizationFailure","message":{"lang":"en-US","value":"This request is not authorized to perform this operation.\nRequestId:a7e79bb4-c002-0079-800e-39740c000000\nTime:2025-10-09T11:18:04.7715171Z"}}}

Headers:
Transfer-Encoding: chunked
Server: Windows-Azure-Table/1.0 Microsoft-HTTPAPI/2.0
x-ms-request-id: a7e79bb4-c002-0079-800e-39740c000000
x-ms-client-request-id: 2ca6fe4d-1bb2-4cb2-acb3-0ca7093a4636
x-ms-version: REDACTED
X-Content-Type-Options: REDACTED
Date: Thu, 09 Oct 2025 11:18:03 GMT
Content-Type: application/json;odata=minimalmetadata;streaming=true;charset=utf-8

   at Azure.Data.Tables.TableClient.CreateIfNotExistsAsync(CancellationToken cancellationToken)
   at SupportTicketsApi.Services.TableStorageFeedbackRepository.CreateFeedbackAsync(CreateFeedbackRequest request) in C:\Users\saali\source\repos\TeamsSSO\BotwithTeamsSSO\SupportTicketsApi\Services\TableStorageFeedbackRepository.cs:line 23
   at SupportTicketsApi.Controllers.FeedbackController.CreateFeedback(CreateFeedbackRequest request) in C:\Users\saali\source\repos\TeamsSSO\BotwithTeamsSSO\SupportTicketsApi\Controllers\FeedbackController.cs:line 35
</Data></EventData></Event></Events>