﻿<?xml version="1.0" encoding="utf-8"?>
<deployment>
  <id>99409b8a657843b9b83233ee44aaba20</id>
  <author>N/A</author>
  <deployer>OneDeploy</deployer>
  <authorEmail>N/A</authorEmail>
  <message>OneDeploy</message>
  <progress></progress>
  <status>Success</status>
  <statusText></statusText>
  <lastSuccessEndTime>2025-10-06T10:38:04.3489927Z</lastSuccessEndTime>
  <receivedTime>2025-10-06T10:38:00.7082911Z</receivedTime>
  <startTime>2025-10-06T10:38:00.8645431Z</startTime>
  <endTime>2025-10-06T10:38:04.3489927Z</endTime>
  <complete>True</complete>
  <is_temp>False</is_temp>
  <is_readonly>True</is_readonly>
  <project_type>OneDeploy</project_type>
  <vsproject_id></vsproject_id>
</deployment>