{"TimeStamp":"2025-10-06T10:38:04Z","SiteName":"SaaliTicketsApi","RequestId":"8478c0d0-a2a0-11f0-9b80-f8e43b758159","Kind":"OneDeploy","Status":"Success","Details":"{\"Id\":\"99409b8a657843b9b83233ee44aaba20\",\"Status\":4,\"StatusText\":\"\",\"AuthorEmail\":\"N/A\",\"Author\":\"N/A\",\"Message\":\"OneDeploy\",\"Progress\":\"\",\"Deployer\":\"OneDeploy\",\"ReceivedTime\":\"2025-10-06T10:38:00.7082911Z\",\"StartTime\":\"2025-10-06T10:38:00.8645431Z\",\"EndTime\":\"2025-10-06T10:38:04.3489927Z\",\"LastSuccessEndTime\":\"2025-10-06T10:38:04.3489927Z\",\"Complete\":true,\"IsTemporary\":false,\"IsReadOnly\":true,\"SiteName\":\"SaaliTicketsApi\",\"HostName\":\"saaliticketsapi.scm.azurewebsites.net\",\"ProjectType\":\"OneDeploy\",\"VsProjectId\":null}"}