<step title="Incoming Request" date="2025-10-06T10:30:04.598" instance="2ab10c" url="/api/siteextensions/Microsoft.AspNetCore.AzureAppServices.SiteExtension" method="PUT" type="request" pid="4708,2,68" Content-Length="0" Content-Type="application/json; charset=utf-8" Content-Encoding="utf-8" Accept-Encoding="gzip, deflate" Authorization="Bea..." Cookie="ARRAffinity=2ab10cbc1521288d33e256dad5897d5019403f97e47f786bc548d223ad39f3dd; ARRAffinitySameSite=2ab10cbc1521288d33e256dad5897d5019403f97e47f786bc548d223ad39f3dd" Host="saaliticketsapi.scm.azurewebsites.net" User-Agent="Visual-Studio/17.14.16+36518.9 WebToolsExtension/17.14.122.59099" X-ARR-LOG-ID="bab726d6-e501-42f3-ba95-8c065d82065a" CLIENT-IP="45.86.89.182:62853" X-SITE-DEPLOYMENT-ID="SaaliTicketsApi" WAS-DEFAULT-HOSTNAME="saaliticketsapi.scm.azurewebsites.net" X-Forwarded-Proto="https" X-AppService-Proto="https" X-Forwarded-TlsVersion="1.3" X-WAWS-Unencoded-URL="/api/siteextensions/Microsoft.AspNetCore.AzureAppServices.SiteExtension" >
  <step title="Cleanup Xml Logs" date="2025-10-06T10:30:04.629" /><!-- duration: 0ms -->
  <step title="Installing Microsoft.AspNetCore.AzureAppServices.SiteExtension, version:  from feed: , packageUri: " date="2025-10-06T10:30:05.473" /><!-- duration: 0ms -->
  <step title="Installing &apos;Microsoft.AspNetCore.AzureAppServices.SiteExtension&apos; version &apos;&apos; from &apos;&apos;" date="2025-10-06T10:30:05.676" >
    <step title="Site Extension Microsoft.AspNetCore.AzureAppServices.SiteExtension local version is 10.0.0-rc-1-25451-107" date="2025-10-06T10:30:05.754" /><!-- duration: 0ms -->
    <step title="Site Extension Microsoft.AspNetCore.AzureAppServices.SiteExtension remote version is 10.0.0-rc-1-25451-107" date="2025-10-06T10:30:07.984" /><!-- duration: 16ms -->
    <step title="Site Extension with id Microsoft.AspNetCore.AzureAppServices.SiteExtension is already installed" date="2025-10-06T10:30:08.000" /><!-- duration: 0ms -->
    <step title="Now querying from local repo for package &apos;Microsoft.AspNetCore.AzureAppServices.SiteExtension&apos;." date="2025-10-06T10:30:08.000" >
      <step title="Search packages locally with filter: Microsoft.AspNetCore.AzureAppServices.SiteExtension" date="2025-10-06T10:30:08.016" /><!-- duration: 125ms -->
      <step title="Adding local metadata to site extensions" date="2025-10-06T10:30:08.156" /><!-- duration: 125ms -->
    </step><!-- duration: 281ms -->
    <step title="Package Microsoft.AspNetCore.AzureAppServices.SiteExtension with version  from  with installation arguments &apos;&apos; already installed." date="2025-10-06T10:30:08.297" /><!-- duration: 0ms -->
    <step title="Update arm settings for Microsoft.AspNetCore.AzureAppServices.SiteExtension installation. Status: OK" date="2025-10-06T10:30:08.313" /><!-- duration: 62ms -->
  </step><!-- duration: 2715ms -->
  <step title="Outgoing response" date="2025-10-06T10:30:08.469" type="response" statusCode="200" statusText="OK" Server="Microsoft-IIS/10.0" x-ms-request-id="bab726d6-e501-42f3-ba95-8c065d82065a" Cache-Control="private" X-AspNet-Version="4.0.30319" Content-Type="application/json; charset=utf-8" /><!-- duration: 0ms -->
</step><!-- duration: 3902ms -->
