{"TimeStamp":"2025-10-09T11:16:15Z","SiteName":"SaaliTicketsApiClean","RequestId":"50e32382-a501-11f0-b467-f8e43b758159","Kind":"ZipDeploy","Status":"Success","Details":"{\"Id\":\"3d95de9a74f84b798545cb522bb03cc3\",\"Status\":4,\"StatusText\":\"\",\"AuthorEmail\":\"N/A\",\"Author\":\"N/A\",\"Message\":\"Created via a push deployment\",\"Progress\":\"\",\"Deployer\":\"ZipDeploy\",\"ReceivedTime\":\"2025-10-09T11:16:02.2436575Z\",\"StartTime\":\"2025-10-09T11:16:02.6655057Z\",\"EndTime\":\"2025-10-09T11:16:15.6291621Z\",\"LastSuccessEndTime\":\"2025-10-09T11:16:15.6291621Z\",\"Complete\":true,\"IsTemporary\":false,\"IsReadOnly\":true,\"SiteName\":\"SaaliTicketsApiClean\",\"HostName\":\"saaliticketsapiclean.scm.azurewebsites.net\",\"ProjectType\":\"BASIC\",\"VsProjectId\":null}"}