﻿<?xml version="1.0" encoding="utf-8"?>
<deployment>
  <id>82a1af2dcb284299b56838c7fc4695b6</id>
  <author>N/A</author>
  <deployer>OneDeploy</deployer>
  <authorEmail>N/A</authorEmail>
  <message>OneDeploy</message>
  <progress></progress>
  <status>Success</status>
  <statusText></statusText>
  <lastSuccessEndTime>2025-10-06T11:14:19.5760041Z</lastSuccessEndTime>
  <receivedTime>2025-10-06T11:14:15.7010956Z</receivedTime>
  <startTime>2025-10-06T11:14:15.7947848Z</startTime>
  <endTime>2025-10-06T11:14:19.5760041Z</endTime>
  <complete>True</complete>
  <is_temp>False</is_temp>
  <is_readonly>True</is_readonly>
  <project_type>OneDeploy</project_type>
  <vsproject_id></vsproject_id>
</deployment>