﻿<?xml version="1.0" encoding="utf-8"?>
<deployment>
  <id>9a2d4f3ef2e7408286f1da844046b303</id>
  <author>N/A</author>
  <deployer>ZipDeploy</deployer>
  <authorEmail>N/A</authorEmail>
  <message>Created via a push deployment</message>
  <progress></progress>
  <status>Success</status>
  <statusText></statusText>
  <lastSuccessEndTime>2025-10-06T16:48:46.704281Z</lastSuccessEndTime>
  <receivedTime>2025-10-06T16:48:41.188547Z</receivedTime>
  <startTime>2025-10-06T16:48:41.3291763Z</startTime>
  <endTime>2025-10-06T16:48:46.704281Z</endTime>
  <complete>True</complete>
  <is_temp>False</is_temp>
  <is_readonly>True</is_readonly>
  <project_type>BASIC</project_type>
  <vsproject_id></vsproject_id>
</deployment>