{"TimeStamp":"2025-10-06T10:44:25Z","SiteName":"SaaliTicketsApi","RequestId":"6777e3ed-a2a1-11f0-9f5f-f8e43b758159","Kind":"OneDeploy","Status":"Success","Details":"{\"Id\":\"89c06f3787b14d759ae8ab9182aa4115\",\"Status\":4,\"StatusText\":\"\",\"AuthorEmail\":\"N/A\",\"Author\":\"N/A\",\"Message\":\"OneDeploy\",\"Progress\":\"\",\"Deployer\":\"OneDeploy\",\"ReceivedTime\":\"2025-10-06T10:44:22.349307Z\",\"StartTime\":\"2025-10-06T10:44:22.48993Z\",\"EndTime\":\"2025-10-06T10:44:25.4587145Z\",\"LastSuccessEndTime\":\"2025-10-06T10:44:25.4587145Z\",\"Complete\":true,\"IsTemporary\":false,\"IsReadOnly\":true,\"SiteName\":\"SaaliTicketsApi\",\"HostName\":\"saaliticketsapi.scm.azurewebsites.net\",\"ProjectType\":\"OneDeploy\",\"VsProjectId\":null}"}