﻿<?xml version="1.0" encoding="utf-8"?>
<deployment>
  <id>b32679897df34f74a53455b54676ab4e</id>
  <author>N/A</author>
  <deployer>OneDeploy</deployer>
  <authorEmail>N/A</authorEmail>
  <message>OneDeploy</message>
  <progress></progress>
  <status>Success</status>
  <statusText></statusText>
  <lastSuccessEndTime>2025-10-06T17:52:23.9424938Z</lastSuccessEndTime>
  <receivedTime>2025-10-06T17:52:20.0514717Z</receivedTime>
  <startTime>2025-10-06T17:52:20.1920943Z</startTime>
  <endTime>2025-10-06T17:52:23.9424938Z</endTime>
  <complete>True</complete>
  <is_temp>False</is_temp>
  <is_readonly>True</is_readonly>
  <project_type>OneDeploy</project_type>
  <vsproject_id></vsproject_id>
</deployment>