﻿<?xml version="1.0" encoding="utf-8"?>
<deployment>
  <id>3d95de9a74f84b798545cb522bb03cc3</id>
  <author>N/A</author>
  <deployer>ZipDeploy</deployer>
  <authorEmail>N/A</authorEmail>
  <message>Created via a push deployment</message>
  <progress></progress>
  <status>Success</status>
  <statusText></statusText>
  <lastSuccessEndTime>2025-10-09T11:16:15.6291621Z</lastSuccessEndTime>
  <receivedTime>2025-10-09T11:16:02.2436575Z</receivedTime>
  <startTime>2025-10-09T11:16:02.6655057Z</startTime>
  <endTime>2025-10-09T11:16:15.6291621Z</endTime>
  <complete>True</complete>
  <is_temp>False</is_temp>
  <is_readonly>True</is_readonly>
  <project_type>BASIC</project_type>
  <vsproject_id></vsproject_id>
</deployment>