﻿<?xml version="1.0" encoding="utf-8"?>
<deployment>
  <id>89c06f3787b14d759ae8ab9182aa4115</id>
  <author>N/A</author>
  <deployer>OneDeploy</deployer>
  <authorEmail>N/A</authorEmail>
  <message>OneDeploy</message>
  <progress></progress>
  <status>Success</status>
  <statusText></statusText>
  <lastSuccessEndTime>2025-10-06T10:44:25.4587145Z</lastSuccessEndTime>
  <receivedTime>2025-10-06T10:44:22.349307Z</receivedTime>
  <startTime>2025-10-06T10:44:22.48993Z</startTime>
  <endTime>2025-10-06T10:44:25.4587145Z</endTime>
  <complete>True</complete>
  <is_temp>False</is_temp>
  <is_readonly>True</is_readonly>
  <project_type>OneDeploy</project_type>
  <vsproject_id></vsproject_id>
</deployment>