﻿<?xml version="1.0" encoding="utf-8"?>
<deployment>
  <id>a845b80cb6f9412c807a9267308f8ff2</id>
  <author>N/A</author>
  <deployer>OneDeploy</deployer>
  <authorEmail>N/A</authorEmail>
  <message>OneDeploy</message>
  <progress></progress>
  <status>Success</status>
  <statusText></statusText>
  <lastSuccessEndTime>2025-10-08T17:37:14.4455545Z</lastSuccessEndTime>
  <receivedTime>2025-10-08T17:37:08.73967Z</receivedTime>
  <startTime>2025-10-08T17:37:08.8505866Z</startTime>
  <endTime>2025-10-08T17:37:14.4455545Z</endTime>
  <complete>True</complete>
  <is_temp>False</is_temp>
  <is_readonly>True</is_readonly>
  <project_type>OneDeploy</project_type>
  <vsproject_id></vsproject_id>
</deployment>