﻿<?xml version="1.0" encoding="utf-8"?>
<deployment>
  <id>3fab36a74bf94620a0de47c5e6d87ca0</id>
  <author>N/A</author>
  <deployer>OneDeploy</deployer>
  <authorEmail>N/A</authorEmail>
  <message>OneDeploy</message>
  <progress></progress>
  <status>Success</status>
  <statusText></statusText>
  <lastSuccessEndTime>2025-10-09T08:17:32.7021396Z</lastSuccessEndTime>
  <receivedTime>2025-10-09T08:17:24.3856031Z</receivedTime>
  <startTime>2025-10-09T08:17:24.6668629Z</startTime>
  <endTime>2025-10-09T08:17:32.7021396Z</endTime>
  <complete>True</complete>
  <is_temp>False</is_temp>
  <is_readonly>True</is_readonly>
  <project_type>OneDeploy</project_type>
  <vsproject_id></vsproject_id>
</deployment>