<step title="BackgroundTrace" date="2025-10-06T16:48:39.329" instance="2ab10c" url="/api/zipdeploy" method="POST" >
  <step title="Updating shutdown sentinel last write time" date="2025-10-06T16:48:39.391" SemaphoreCount="7" /><!-- duration: 0ms -->
  <step title="LockFile &apos;C:\home\site\locks\deployments.lock&apos; acquired" date="2025-10-06T16:48:39.391" /><!-- duration: 0ms -->
  <step title="Creating temporary deployment" date="2025-10-06T16:48:39.407" /><!-- duration: 94ms -->
  <step title="Performing fetch based deployment" date="2025-10-06T16:48:39.516" >
    <step title="Fetching changes." date="2025-10-06T16:48:39.657" /><!-- duration: 0ms -->
    <step title="Starting LocalZipHandler" date="2025-10-06T16:48:39.672" /><!-- duration: 0ms -->
    <step title="Cleaning up temp folders from previous zip deployments and extracting pushed zip file C:\local\Temp\zipdeploy\w2tzzrnr.zip (5.61 MB) to C:\local\Temp\zipdeploy\extracted" date="2025-10-06T16:48:39.735" /><!-- duration: 16ms -->
    <step title="Cleaning up temp folders from previous zip deployments and extracting pushed zip file C:\local\Temp\zipdeploy\w2tzzrnr.zip (5.61 MB) to C:\local\Temp\zipdeploy\extracted" date="2025-10-06T16:48:39.751" >
      <step title="Extracting 203 entries to C:\local\Temp\zipdeploy\extracted directory" date="2025-10-06T16:48:39.797" >
        <step title="Extracting to C:\local\Temp\zipdeploy\extracted\App_Data\tickets.json ..." date="2025-10-06T16:48:39.797" /><!-- duration: 47ms -->
        <step title="Extracting to C:\local\Temp\zipdeploy\extracted\final-logs\deployments\latest.json ..." date="2025-10-06T16:48:39.844" /><!-- duration: 0ms -->
        <step title="Extracting to C:\local\Temp\zipdeploy\extracted\final-logs\LogFiles\MicrosoftDiagnosticServices\hostConfig.json ..." date="2025-10-06T16:48:39.860" /><!-- duration: 0ms -->
        <step title="Extracting to C:\local\Temp\zipdeploy\extracted\latest-logs\deployments\latest.json ..." date="2025-10-06T16:48:39.860" /><!-- duration: 16ms -->
        <step title="Extracting to C:\local\Temp\zipdeploy\extracted\latest-logs\LogFiles\MicrosoftDiagnosticServices\hostConfig.json ..." date="2025-10-06T16:48:39.876" /><!-- duration: 0ms -->
        <step title="Omitting extracting file traces ..." date="2025-10-06T16:48:39.891" /><!-- duration: 0ms -->
      </step><!-- duration: 1313ms -->
    </step><!-- duration: 1359ms -->
    <step title="Before sending BuildRequestReceived status to /api/updatedeploystatus" date="2025-10-06T16:48:41.110" /><!-- duration: 16ms -->
    <step title="DeploymentManager.Deploy(id:9a2d4f3ef2e7408286f1da844046b303)" date="2025-10-06T16:48:41.141" >
      <step title="Collecting changeset information" date="2025-10-06T16:48:41.157" /><!-- duration: 47ms -->
      <step title="Updating submodules" date="2025-10-06T16:48:41.204" >
        <step title="Updating submodules." date="2025-10-06T16:48:41.235" /><!-- duration: 0ms -->
      </step><!-- duration: 31ms -->
      <step title="Preparing deployment for commit id &apos;9a2d4f3ef2&apos;." date="2025-10-06T16:48:41.313" /><!-- duration: 0ms -->
      <step title="Determining deployment builder" date="2025-10-06T16:48:41.360" >
        <step title="Builder is BasicBuilder" date="2025-10-06T16:48:41.360" /><!-- duration: 0ms -->
      </step><!-- duration: 16ms -->
      <step title="Copying SSH keys" date="2025-10-06T16:48:41.407" /><!-- duration: 16ms -->
      <step title="Building" date="2025-10-06T16:48:41.422" >
        <step title="Generating deployment script." date="2025-10-06T16:48:41.454" /><!-- duration: 0ms -->
        <step title="Generating deployment script" date="2025-10-06T16:48:41.454" >
          <step title="Using cached version of the deployment script for command: -y --no-dot-deployment -r &quot;C:\local\Temp\zipdeploy\extracted&quot; -o &quot;C:\home\site\deployments\tools&quot; --basic --sitePath &quot;C:\local\Temp\zipdeploy\extracted&quot;" date="2025-10-06T16:48:41.594" /><!-- duration: 0ms -->
          <step title="Using cached version of deployment script (command: &apos;azure -y --no-dot-deployment -r &quot;C:\local\Temp\zipdeploy\extracted&quot; -o &quot;C:\home\site\deployments\tools&quot; --basic --sitePath &quot;C:\local\Temp\zipdeploy\extracted&quot;&apos;)." date="2025-10-06T16:48:41.594" /><!-- duration: 0ms -->
        </step><!-- duration: 141ms -->
        <step title="Running deployment command..." date="2025-10-06T16:48:41.641" /><!-- duration: 0ms -->
        <step title="Command: &quot;C:\home\site\deployments\tools\deploy.cmd&quot;" date="2025-10-06T16:48:41.657" /><!-- duration: 16ms -->
        <step title="Executing external process" date="2025-10-06T16:48:41.688" type="process" path="starter.cmd" arguments="&quot;C:\home\site\deployments\tools\deploy.cmd&quot;" >
          <step title="Handling Basic Web Site deployment." date="2025-10-06T16:48:42.141" /><!-- duration: 0ms -->
          <step title="Creating app_offline.htm" date="2025-10-06T16:48:42.672" /><!-- duration: 0ms -->
          <step title="KuduSync.NET from: &apos;C:\local\Temp\zipdeploy\extracted&apos; to: &apos;C:\home\site\wwwroot&apos;" date="2025-10-06T16:48:42.688" /><!-- duration: 0ms -->
          <step title="Copying file: &apos;appsettings.json&apos;" date="2025-10-06T16:48:42.704" /><!-- duration: 0ms -->
          <step title="Copying file: &apos;Azure.Core.dll&apos;" date="2025-10-06T16:48:42.704" /><!-- duration: 0ms -->
          <step title="Copying file: &apos;Azure.Identity.dll&apos;" date="2025-10-06T16:48:42.719" /><!-- duration: 0ms -->
          <step title="Copying file: &apos;Azure.Security.KeyVault.Certificates.dll&apos;" date="2025-10-06T16:48:42.719" /><!-- duration: 0ms -->
          <step title="Copying file: &apos;Azure.Security.KeyVault.Secrets.dll&apos;" date="2025-10-06T16:48:42.719" /><!-- duration: 16ms -->
          <step title="Copying file: &apos;Microsoft.AspNetCore.Authentication.JwtBearer.dll&apos;" date="2025-10-06T16:48:42.735" /><!-- duration: 0ms -->
          <step title="Copying file: &apos;Microsoft.AspNetCore.Authentication.OpenIdConnect.dll&apos;" date="2025-10-06T16:48:42.751" /><!-- duration: 0ms -->
          <step title="Copying file: &apos;Microsoft.Graph.Core.dll&apos;" date="2025-10-06T16:48:42.751" /><!-- duration: 16ms -->
          <step title="Copying file: &apos;Microsoft.Graph.dll&apos;" date="2025-10-06T16:48:42.782" /><!-- duration: 0ms -->
          <step title="Copying file: &apos;Microsoft.Identity.Abstractions.dll&apos;" date="2025-10-06T16:48:42.797" /><!-- duration: 0ms -->
          <step title="Copying file: &apos;Microsoft.Identity.Client.dll&apos;" date="2025-10-06T16:48:42.813" /><!-- duration: 16ms -->
          <step title="Copying file: &apos;Microsoft.Identity.Client.Extensions.Msal.dll&apos;" date="2025-10-06T16:48:42.844" /><!-- duration: 0ms -->
          <step title="Copying file: &apos;Microsoft.Identity.Web.Certificate.dll&apos;" date="2025-10-06T16:48:42.860" /><!-- duration: 0ms -->
          <step title="Copying file: &apos;Microsoft.Identity.Web.Certificateless.dll&apos;" date="2025-10-06T16:48:42.876" /><!-- duration: 32ms -->
          <step title="Copying file: &apos;Microsoft.Identity.Web.Diagnostics.dll&apos;" date="2025-10-06T16:48:42.923" /><!-- duration: 0ms -->
          <step title="Copying file: &apos;Microsoft.Identity.Web.dll&apos;" date="2025-10-06T16:48:42.923" /><!-- duration: 16ms -->
          <step title="Copying file: &apos;Microsoft.Identity.Web.MicrosoftGraph.dll&apos;" date="2025-10-06T16:48:42.938" /><!-- duration: 31ms -->
          <step title="Copying file: &apos;Microsoft.Identity.Web.TokenAcquisition.dll&apos;" date="2025-10-06T16:48:43.126" /><!-- duration: 0ms -->
          <step title="Copying file: &apos;Microsoft.Identity.Web.TokenCache.dll&apos;" date="2025-10-06T16:48:43.141" /><!-- duration: 16ms -->
          <step title="Copying file: &apos;Microsoft.IdentityModel.Abstractions.dll&apos;" date="2025-10-06T16:48:43.157" /><!-- duration: 16ms -->
          <step title="Copying file: &apos;Microsoft.IdentityModel.JsonWebTokens.dll&apos;" date="2025-10-06T16:48:43.189" /><!-- duration: 0ms -->
          <step title="Copying file: &apos;Microsoft.IdentityModel.Logging.dll&apos;" date="2025-10-06T16:48:43.204" /><!-- duration: 31ms -->
          <step title="Copying file: &apos;Microsoft.IdentityModel.LoggingExtensions.dll&apos;" date="2025-10-06T16:48:43.251" /><!-- duration: 16ms -->
          <step title="Copying file: &apos;Microsoft.IdentityModel.Protocols.dll&apos;" date="2025-10-06T16:48:43.282" /><!-- duration: 16ms -->
          <step title="Copying file: &apos;Microsoft.IdentityModel.Protocols.OpenIdConnect.dll&apos;" date="2025-10-06T16:48:43.297" /><!-- duration: 16ms -->
          <step title="Copying file: &apos;Microsoft.IdentityModel.Tokens.dll&apos;" date="2025-10-06T16:48:43.313" /><!-- duration: 0ms -->
          <step title="Copying file: &apos;Microsoft.IdentityModel.Validators.dll&apos;" date="2025-10-06T16:48:43.332" /><!-- duration: 0ms -->
          <step title="Copying file: &apos;SupportTicketsApi.deps.json&apos;" date="2025-10-06T16:48:43.344" /><!-- duration: 0ms -->
          <step title="Copying file: &apos;SupportTicketsApi.dll&apos;" date="2025-10-06T16:48:43.344" /><!-- duration: 0ms -->
          <step title="Copying file: &apos;SupportTicketsApi.exe&apos;" date="2025-10-06T16:48:43.360" /><!-- duration: 0ms -->
          <step title="Copying file: &apos;SupportTicketsApi.pdb&apos;" date="2025-10-06T16:48:43.360" /><!-- duration: 0ms -->
          <step title="Copying file: &apos;SupportTicketsApi.runtimeconfig.json&apos;" date="2025-10-06T16:48:43.376" /><!-- duration: 0ms -->
          <step title="Copying file: &apos;System.ClientModel.dll&apos;" date="2025-10-06T16:48:43.438" /><!-- duration: 0ms -->
          <step title="Copying file: &apos;System.IdentityModel.Tokens.Jwt.dll&apos;" date="2025-10-06T16:48:43.438" /><!-- duration: 16ms -->
          <step title="Copying file: &apos;System.Security.Cryptography.ProtectedData.dll&apos;" date="2025-10-06T16:48:43.454" /><!-- duration: 0ms -->
          <step title="Copying file: &apos;publish-clean\appsettings.Development.json&apos;" date="2025-10-06T16:48:43.469" /><!-- duration: 0ms -->
          <step title="Copying file: &apos;publish-clean\appsettings.json&apos;" date="2025-10-06T16:48:43.469" /><!-- duration: 31ms -->
          <step title="Copying file: &apos;publish-clean\SupportTicketsApi.deps.json&apos;" date="2025-10-06T16:48:43.516" /><!-- duration: 0ms -->
          <step title="Copying file: &apos;publish-clean\SupportTicketsApi.runtimeconfig.json&apos;" date="2025-10-06T16:48:43.516" /><!-- duration: 0ms -->
          <step title="Copying file: &apos;publish-clean\SupportTicketsApi.staticwebassets.endpoints.json&apos;" date="2025-10-06T16:48:43.532" /><!-- duration: 0ms -->
          <step title="Copying file: &apos;publish-clean\App_Data\tickets.json&apos;" date="2025-10-06T16:48:43.532" /><!-- duration: 16ms -->
          <step title="Copying file: &apos;publish-clean\final-logs\deployments\latest.json&apos;" date="2025-10-06T16:48:43.548" /><!-- duration: 15ms -->
          <step title="Copying file: &apos;publish-clean\final-logs\LogFiles\MicrosoftDiagnosticServices\hostConfig.json&apos;" date="2025-10-06T16:48:43.563" /><!-- duration: 0ms -->
          <step title="Copying file: &apos;publish-clean\latest-logs\deployments\latest.json&apos;" date="2025-10-06T16:48:43.579" /><!-- duration: 0ms -->
          <step title="Copying file: &apos;publish-clean\latest-logs\LogFiles\MicrosoftDiagnosticServices\hostConfig.json&apos;" date="2025-10-06T16:48:43.594" /><!-- duration: 0ms -->
          <step title="Copying file: &apos;publish-clean\logs\deployments\latest.json&apos;" date="2025-10-06T16:48:43.594" /><!-- duration: 16ms -->
          <step title="Copying file: &apos;publish-clean\logs\LogFiles\MicrosoftDiagnosticServices\hostConfig.json&apos;" date="2025-10-06T16:48:43.610" /><!-- duration: 0ms -->
          <step title="Copying file: &apos;publish-clean\publish\appsettings.Development.json&apos;" date="2025-10-06T16:48:43.629" /><!-- duration: 0ms -->
          <step title="Omitting next output lines..." date="2025-10-06T16:48:43.641" /><!-- duration: 0ms -->
          <step title="Finished successfully." date="2025-10-06T16:48:46.532" /><!-- duration: 31ms -->
        </step><!-- duration: 4875ms -->
        <step title="Running post deployment command(s)..." date="2025-10-06T16:48:46.594" /><!-- duration: 0ms -->
        <step title="Triggering recycle (preview mode disabled)." date="2025-10-06T16:48:46.641" /><!-- duration: 0ms -->
        <step title="Ignoring FS watcher based recycle request as this is a classic Windows app." date="2025-10-06T16:48:46.641" /><!-- duration: 0ms -->
        <step title="Deployment successful. DEPLOYMENTINFO: deploymentPath = ZipDeploy. Extract zip. , deployer = ZipDeploy, os = windows, sku = Basic, siteName = SaaliTicketsApiClean, siteHostName = saaliticketsapiclean.azurewebsites.net, deploymentStatus = Success" date="2025-10-06T16:48:46.688" /><!-- duration: 0ms -->
      </step><!-- duration: 5703ms -->
    </step><!-- duration: 6000ms -->
    <step title="Cleaning up temp files" date="2025-10-06T16:48:47.157" /><!-- duration: 0ms -->
    <step title="Skip function trigger and logicapp sync because function is not enabled." date="2025-10-06T16:48:47.173" /><!-- duration: 20ms -->
  </step><!-- duration: 7719ms -->
  <step title="LockFile &apos;C:\home\site\locks\deployments.lock&apos; released" date="2025-10-06T16:48:47.253" /><!-- duration: 0ms -->
  <step title="Deleting shutdown sentinel file" date="2025-10-06T16:48:47.253" SemaphoreCount="8" /><!-- duration: 0ms -->
</step><!-- duration: 7924ms -->
