<step title="Incoming Request" date="2025-10-09T08:17:18.808" instance="e72619" url="/api/publish?type=zip" method="POST" type="request" pid="4640,2,14" Cache-Control="no-cache" Content-Length="6175466" Content-Type="application/octet-stream" Accept="*/*" Accept-Encoding="gzip, deflate" Authorization="Bea..." Host="saaliticketsapiclean.scm.azurewebsites.net" User-Agent="AZURECLI/2.65.0 (MSI)" x-ms-client-request-id="5c64ba7c-a4e8-11f0-aadb-f8e43b758159" X-ARR-LOG-ID="5c64ba7c-a4e8-11f0-aadb-f8e43b758159" CLIENT-IP="45.86.89.182:63233" X-SITE-DEPLOYMENT-ID="SaaliTicketsApiClean" WAS-DEFAULT-HOSTNAME="saaliticketsapiclean.scm.azurewebsites.net" X-Forwarded-Proto="https" X-AppService-Proto="https" X-Forwarded-TlsVersion="1.3" X-WAWS-Unencoded-URL="/api/publish?type=zip" >
  <step title="Cleanup Xml Logs" date="2025-10-09T08:17:18.808" /><!-- duration: 14ms -->
  <step title="OneDeploy" date="2025-10-09T08:17:21.073" >
    <step title="Starting PushDeployAsync" date="2025-10-09T08:17:21.140" /><!-- duration: 11ms -->
    <step title="Updating shutdown sentinel last write time" date="2025-10-09T08:17:21.213" SemaphoreCount="7" /><!-- duration: 0ms -->
    <step title="LockFile &apos;C:\home\site\locks\deployments.lock&apos; acquired" date="2025-10-09T08:17:21.230" /><!-- duration: 14ms -->
    <step title="Saving request content to C:\local\Temp\zipdeploy\4k214qh4.zip" date="2025-10-09T08:17:21.244" >
      <step title="Total 6,175,466 bytes written to C:\local\Temp\zipdeploy\4k214qh4.zip" date="2025-10-09T08:17:21.451" /><!-- duration: 12ms -->
    </step><!-- duration: 219ms -->
    <step title="LockFile &apos;C:\home\site\locks\deployments.lock&apos; released" date="2025-10-09T08:17:21.463" /><!-- duration: 0ms -->
    <step title="Deleting shutdown sentinel file" date="2025-10-09T08:17:21.479" SemaphoreCount="8" /><!-- duration: 0ms -->
    <step title="Starting FetchDeploy" date="2025-10-09T08:17:21.494" /><!-- duration: 17ms -->
    <step title="Attempting to fetch target branch HEAD" date="2025-10-09T08:17:21.512" /><!-- duration: 0ms -->
    <step title="Updating shutdown sentinel last write time" date="2025-10-09T08:17:21.619" SemaphoreCount="7" /><!-- duration: 16ms -->
    <step title="LockFile &apos;C:\home\site\locks\deployments.lock&apos; acquired" date="2025-10-09T08:17:21.635" /><!-- duration: 0ms -->
    <step title="Performing fetch based deployment" date="2025-10-09T08:17:21.666" >
      <step title="Creating temporary deployment" date="2025-10-09T08:17:21.666" /><!-- duration: 130ms -->
      <step title="Fetching changes." date="2025-10-09T08:17:21.949" /><!-- duration: 0ms -->
      <step title="Starting LocalZipHandler" date="2025-10-09T08:17:21.999" /><!-- duration: 0ms -->
      <step title="Starting LocalZipFetch" date="2025-10-09T08:17:22.010" /><!-- duration: 0ms -->
      <step title="Cleaning up temp folders from previous zip deployments and extracting pushed zip file C:\local\Temp\zipdeploy\4k214qh4.zip (5.89 MB) to C:\local\Temp\zipdeploy\extracted" date="2025-10-09T08:17:22.010" /><!-- duration: 16ms -->
      <step title="Cleaning up temp folders from previous zip deployments and extracting pushed zip file C:\local\Temp\zipdeploy\4k214qh4.zip (5.89 MB) to C:\local\Temp\zipdeploy\extracted" date="2025-10-09T08:17:22.041" >
        <step title="Extracting 326 entries to C:\local\Temp\zipdeploy\extracted directory" date="2025-10-09T08:17:22.170" >
          <step title="Extracting to C:\local\Temp\zipdeploy\extracted\App_Data\tickets.json ..." date="2025-10-09T08:17:22.182" /><!-- duration: 48ms -->
          <step title="Extracting to C:\local\Temp\zipdeploy\extracted\final-logs\deployments\latest.json ..." date="2025-10-09T08:17:22.250" /><!-- duration: 10ms -->
          <step title="Extracting to C:\local\Temp\zipdeploy\extracted\final-logs\LogFiles\MicrosoftDiagnosticServices\hostConfig.json ..." date="2025-10-09T08:17:22.260" /><!-- duration: 15ms -->
          <step title="Extracting to C:\local\Temp\zipdeploy\extracted\latest-logs\deployments\latest.json ..." date="2025-10-09T08:17:22.276" /><!-- duration: 16ms -->
          <step title="Extracting to C:\local\Temp\zipdeploy\extracted\latest-logs\LogFiles\MicrosoftDiagnosticServices\hostConfig.json ..." date="2025-10-09T08:17:22.291" /><!-- duration: 19ms -->
          <step title="Omitting extracting file traces ..." date="2025-10-09T08:17:22.311" /><!-- duration: 12ms -->
        </step><!-- duration: 2061ms -->
      </step><!-- duration: 2220ms -->
      <step title="None repository commit" date="2025-10-09T08:17:24.291" >
        <step title="Commit id: 3fab36a74bf94620a0de47c5e6d87ca0" date="2025-10-09T08:17:24.311" Message="OneDeploy" AuthorName="N/A" AuthorEmail="N/A" /><!-- duration: 11ms -->
      </step><!-- duration: 31ms -->
      <step title="Before sending BuildRequestReceived status to /api/updatedeploystatus" date="2025-10-09T08:17:24.323" /><!-- duration: 19ms -->
      <step title="DeploymentManager.Deploy(id:3fab36a74bf94620a0de47c5e6d87ca0)" date="2025-10-09T08:17:24.354" >
        <step title="Collecting changeset information" date="2025-10-09T08:17:24.372" /><!-- duration: 61ms -->
        <step title="Updating submodules" date="2025-10-09T08:17:24.452" >
          <step title="Updating submodules." date="2025-10-09T08:17:24.513" /><!-- duration: 13ms -->
        </step><!-- duration: 74ms -->
        <step title="Preparing deployment for commit id &apos;3fab36a74b&apos;." date="2025-10-09T08:17:24.624" /><!-- duration: 0ms -->
        <step title="Determining deployment builder" date="2025-10-09T08:17:24.698" >
          <step title="Builder is OneDeployBuilder" date="2025-10-09T08:17:24.714" /><!-- duration: 0ms -->
        </step><!-- duration: 37ms -->
        <step title="Copying SSH keys" date="2025-10-09T08:17:24.744" /><!-- duration: 16ms -->
        <step title="Building" date="2025-10-09T08:17:24.760" >
          <step title="Running build. Project type: OneDeploy" date="2025-10-09T08:17:24.807" /><!-- duration: 18ms -->
          <step title="Copying the manifest" date="2025-10-09T08:17:24.869" /><!-- duration: 16ms -->
          <step title="Clean deploying to C:\home\site\wwwroot" date="2025-10-09T08:17:25.043" /><!-- duration: 0ms -->
          <step title="Generating deployment script." date="2025-10-09T08:17:25.154" /><!-- duration: 0ms -->
          <step title="Generating deployment script" date="2025-10-09T08:17:25.166" >
            <step title="Using cached version of the deployment script for command: -y --no-dot-deployment -r &quot;C:\local\Temp\zipdeploy\extracted&quot; -o &quot;C:\home\site\deployments\tools&quot; --basic --sitePath &quot;C:\local\Temp\zipdeploy\extracted&quot;" date="2025-10-09T08:17:25.370" /><!-- duration: 0ms -->
            <step title="Using cached version of deployment script (command: &apos;azure -y --no-dot-deployment -r &quot;C:\local\Temp\zipdeploy\extracted&quot; -o &quot;C:\home\site\deployments\tools&quot; --basic --sitePath &quot;C:\local\Temp\zipdeploy\extracted&quot;&apos;)." date="2025-10-09T08:17:25.385" /><!-- duration: 0ms -->
          </step><!-- duration: 234ms -->
          <step title="Running deployment command..." date="2025-10-09T08:17:25.448" /><!-- duration: 16ms -->
          <step title="Command: &quot;C:\home\site\deployments\tools\deploy.cmd&quot;" date="2025-10-09T08:17:25.482" /><!-- duration: 0ms -->
          <step title="Executing external process" date="2025-10-09T08:17:25.526" type="process" path="starter.cmd" arguments="&quot;C:\home\site\deployments\tools\deploy.cmd&quot;" >
            <step title="Handling Basic Web Site deployment." date="2025-10-09T08:17:26.276" /><!-- duration: 0ms -->
            <step title="Creating app_offline.htm" date="2025-10-09T08:17:29.936" /><!-- duration: 20ms -->
            <step title="KuduSync.NET from: &apos;C:\local\Temp\zipdeploy\extracted&apos; to: &apos;C:\home\site\wwwroot&apos;" date="2025-10-09T08:17:29.986" /><!-- duration: 13ms -->
            <step title="Copying file: &apos;SupportTicketsApi.dll&apos;" date="2025-10-09T08:17:30.046" /><!-- duration: 62ms -->
            <step title="Copying file: &apos;SupportTicketsApi.exe&apos;" date="2025-10-09T08:17:30.123" /><!-- duration: 0ms -->
            <step title="Copying file: &apos;SupportTicketsApi.pdb&apos;" date="2025-10-09T08:17:30.139" /><!-- duration: 0ms -->
            <step title="Deleting app_offline.htm" date="2025-10-09T08:17:30.155" /><!-- duration: 16ms -->
            <step title="Finished successfully." date="2025-10-09T08:17:30.170" /><!-- duration: 17ms -->
          </step><!-- duration: 4676ms -->
          <step title="Build completed succesfully." date="2025-10-09T08:17:30.280" /><!-- duration: 18ms -->
          <step title="Running post deployment command(s)..." date="2025-10-09T08:17:30.389" /><!-- duration: 0ms -->
          <step title="Requesting site restart" date="2025-10-09T08:17:30.580" /><!-- duration: 12ms -->
          <step title="Requesting site restart" date="2025-10-09T08:17:30.610" /><!-- duration: 29ms -->
          <step title="Requesting site restart. Attempt #1" date="2025-10-09T08:17:30.749" /><!-- duration: 16ms -->
          <step title="Requesting site restart. Attempt #1" date="2025-10-09T08:17:30.764" /><!-- duration: 17ms -->
          <step title="Successfully requested a restart. Attempt #1" date="2025-10-09T08:17:32.592" /><!-- duration: 19ms -->
          <step title="Successfully requested a restart. Attempt #1" date="2025-10-09T08:17:32.611" /><!-- duration: 0ms -->
          <step title="Deployment successful. DEPLOYMENTINFO: deploymentPath = OneDeploy, deployer = OneDeploy, os = windows, sku = Basic, siteName = SaaliTicketsApiClean, siteHostName = saaliticketsapiclean.azurewebsites.net, deploymentStatus = Success" date="2025-10-09T08:17:32.686" /><!-- duration: 0ms -->
        </step><!-- duration: 8270ms -->
      </step><!-- duration: 8692ms -->
      <step title="Cleaning up temp files" date="2025-10-09T08:17:33.045" /><!-- duration: 48ms -->
      <step title="Skip function trigger and logicapp sync because function is not enabled." date="2025-10-09T08:17:33.139" /><!-- duration: 0ms -->
    </step><!-- duration: 11520ms -->
    <step title="LockFile &apos;C:\home\site\locks\deployments.lock&apos; released" date="2025-10-09T08:17:33.186" /><!-- duration: 16ms -->
    <step title="Deleting shutdown sentinel file" date="2025-10-09T08:17:33.202" SemaphoreCount="8" /><!-- duration: 31ms -->
  </step><!-- duration: 12160ms -->
  <step title="Outgoing response" date="2025-10-09T08:17:33.342" type="response" statusCode="200" statusText="OK" Server="Microsoft-IIS/10.0" x-ms-request-id="5c64ba7c-a4e8-11f0-aadb-f8e43b758159" Cache-Control="private" X-AspNet-Version="4.0.30319" /><!-- duration: 0ms -->
</step><!-- duration: 14550ms -->
