<step title="Incoming Request" date="2025-10-09T11:15:56.474" instance="0e3783" url="/api/zipdeploy?isAsync=true" method="POST" type="request" pid="2144,2,14" Cache-Control="no-cache" Content-Length="6517997" Content-Type="application/octet-stream" Accept="*/*" Accept-Encoding="gzip, deflate" Authorization="Bea..." Host="saaliticketsapiclean.scm.azurewebsites.net" User-Agent="AZURECLI/2.65.0 (MSI)" x-ms-client-request-id="50e32382-a501-11f0-b467-f8e43b758159" X-ARR-LOG-ID="50e32382-a501-11f0-b467-f8e43b758159" CLIENT-IP="45.86.89.182:60869" X-SITE-DEPLOYMENT-ID="SaaliTicketsApiClean" WAS-DEFAULT-HOSTNAME="saaliticketsapiclean.scm.azurewebsites.net" X-Forwarded-Proto="https" X-AppService-Proto="https" X-Forwarded-TlsVersion="1.3" X-WAWS-Unencoded-URL="/api/zipdeploy?isAsync=true" >
  <step title="Cleanup Xml Logs" date="2025-10-09T11:15:56.474" /><!-- duration: 15ms -->
  <step title="ZipPushDeploy" date="2025-10-09T11:15:56.614" >
    <step title="ZipDeploy. Extract zip. " date="2025-10-09T11:15:56.645" /><!-- duration: 16ms -->
    <step title="Starting PushDeployAsync" date="2025-10-09T11:15:56.676" /><!-- duration: 0ms -->
    <step title="Updating shutdown sentinel last write time" date="2025-10-09T11:15:56.754" SemaphoreCount="7" /><!-- duration: 0ms -->
    <step title="LockFile &apos;C:\home\site\locks\deployments.lock&apos; acquired" date="2025-10-09T11:15:56.785" /><!-- duration: 16ms -->
    <step title="Saving request content to C:\local\Temp\zipdeploy\gtju5p10.zip" date="2025-10-09T11:15:56.801" >
      <step title="Total 6,517,997 bytes written to C:\local\Temp\zipdeploy\gtju5p10.zip" date="2025-10-09T11:15:57.004" /><!-- duration: 0ms -->
    </step><!-- duration: 282ms -->
    <step title="LockFile &apos;C:\home\site\locks\deployments.lock&apos; released" date="2025-10-09T11:15:57.083" /><!-- duration: 0ms -->
    <step title="Deleting shutdown sentinel file" date="2025-10-09T11:15:57.098" SemaphoreCount="8" /><!-- duration: 0ms -->
    <step title="Starting FetchDeploy" date="2025-10-09T11:15:57.114" /><!-- duration: 0ms -->
    <step title="Start deployment in the background" date="2025-10-09T11:15:57.129" >
      <step title="Starting LocalZipFetch" date="2025-10-09T11:15:58.457" /><!-- duration: 18ms -->
    </step><!-- duration: 1828ms -->
  </step><!-- duration: 2342ms -->
  <step title="Outgoing response" date="2025-10-09T11:16:02.444" type="response" statusCode="202" statusText="Accepted" Server="Microsoft-IIS/10.0" x-ms-request-id="50e32382-a501-11f0-b467-f8e43b758159" Retry-After="30" Cache-Control="private" X-AspNet-Version="4.0.30319" Location="https://saaliticketsapiclean.scm.azurewebsites.net/api/deployments/latest?deployer=ZipDeploy&amp;time=2025-10-09_11-15-58Z" /><!-- duration: 13ms -->
</step><!-- duration: 6021ms -->
