<step title="Incoming Request" date="2025-10-08T17:37:02.469" instance="feca2f" url="/api/publish?type=zip" method="POST" type="request" pid="4352,2,7" Cache-Control="no-cache" Connection="Keep-Alive" Content-Length="6175524" Content-Type="application/octet-stream" Accept="*/*" Accept-Encoding="gzip, deflate" Authorization="Bea..." Host="saaliticketsapiclean.scm.azurewebsites.net" User-Agent="AZURECLI/2.65.0 (MSI)" x-ms-client-request-id="5ce3d278-a46d-11f0-acf8-f8e43b758159" X-ARR-LOG-ID="5ce3d278-a46d-11f0-acf8-f8e43b758159" CLIENT-IP="45.86.89.182:62488" X-SITE-DEPLOYMENT-ID="SaaliTicketsApiClean" WAS-DEFAULT-HOSTNAME="saaliticketsapiclean.scm.azurewebsites.net" X-Forwarded-Proto="https" X-AppService-Proto="https" X-Forwarded-TlsVersion="1.3" X-WAWS-Unencoded-URL="/api/publish?type=zip" X-MS-COLDSTART="1" >
  <step title="OneDeploy" date="2025-10-08T17:37:05.219" >
    <step title="Starting PushDeployAsync" date="2025-10-08T17:37:05.298" /><!-- duration: 0ms -->
    <step title="Updating shutdown sentinel last write time" date="2025-10-08T17:37:05.536" SemaphoreCount="7" /><!-- duration: 0ms -->
    <step title="LockFile &apos;C:\home\site\locks\deployments.lock&apos; acquired" date="2025-10-08T17:37:05.552" /><!-- duration: 0ms -->
    <step title="Saving request content to C:\local\Temp\zipdeploy\ksc35x14.zip" date="2025-10-08T17:37:05.552" >
      <step title="Total 6,175,524 bytes written to C:\local\Temp\zipdeploy\ksc35x14.zip" date="2025-10-08T17:37:06.052" /><!-- duration: 0ms -->
    </step><!-- duration: 518ms -->
    <step title="LockFile &apos;C:\home\site\locks\deployments.lock&apos; released" date="2025-10-08T17:37:06.083" /><!-- duration: 0ms -->
    <step title="Deleting shutdown sentinel file" date="2025-10-08T17:37:06.083" SemaphoreCount="8" /><!-- duration: 0ms -->
    <step title="Starting FetchDeploy" date="2025-10-08T17:37:06.099" /><!-- duration: 0ms -->
    <step title="Attempting to fetch target branch HEAD" date="2025-10-08T17:37:06.114" /><!-- duration: 0ms -->
    <step title="Updating shutdown sentinel last write time" date="2025-10-08T17:37:06.161" SemaphoreCount="7" /><!-- duration: 0ms -->
    <step title="LockFile &apos;C:\home\site\locks\deployments.lock&apos; acquired" date="2025-10-08T17:37:06.161" /><!-- duration: 0ms -->
    <step title="Performing fetch based deployment" date="2025-10-08T17:37:06.177" >
      <step title="Creating temporary deployment" date="2025-10-08T17:37:06.208" /><!-- duration: 141ms -->
      <step title="Fetching changes." date="2025-10-08T17:37:06.458" /><!-- duration: 0ms -->
      <step title="Starting LocalZipHandler" date="2025-10-08T17:37:06.458" /><!-- duration: 31ms -->
      <step title="Starting LocalZipFetch" date="2025-10-08T17:37:06.507" /><!-- duration: 13ms -->
      <step title="Cleaning up temp folders from previous zip deployments and extracting pushed zip file C:\local\Temp\zipdeploy\ksc35x14.zip (5.89 MB) to C:\local\Temp\zipdeploy\extracted" date="2025-10-08T17:37:06.520" /><!-- duration: 0ms -->
      <step title="Cleaning up temp folders from previous zip deployments and extracting pushed zip file C:\local\Temp\zipdeploy\ksc35x14.zip (5.89 MB) to C:\local\Temp\zipdeploy\extracted" date="2025-10-08T17:37:06.536" >
        <step title="Extracting 326 entries to C:\local\Temp\zipdeploy\extracted directory" date="2025-10-08T17:37:06.587" >
          <step title="Extracting to C:\local\Temp\zipdeploy\extracted\App_Data\tickets.json ..." date="2025-10-08T17:37:06.630" /><!-- duration: 47ms -->
          <step title="Extracting to C:\local\Temp\zipdeploy\extracted\final-logs\deployments\latest.json ..." date="2025-10-08T17:37:06.677" /><!-- duration: 0ms -->
          <step title="Extracting to C:\local\Temp\zipdeploy\extracted\final-logs\LogFiles\MicrosoftDiagnosticServices\hostConfig.json ..." date="2025-10-08T17:37:06.677" /><!-- duration: 15ms -->
          <step title="Extracting to C:\local\Temp\zipdeploy\extracted\latest-logs\deployments\latest.json ..." date="2025-10-08T17:37:06.692" /><!-- duration: 0ms -->
          <step title="Extracting to C:\local\Temp\zipdeploy\extracted\latest-logs\LogFiles\MicrosoftDiagnosticServices\hostConfig.json ..." date="2025-10-08T17:37:06.692" /><!-- duration: 16ms -->
          <step title="Omitting extracting file traces ..." date="2025-10-08T17:37:06.708" /><!-- duration: 0ms -->
        </step><!-- duration: 1918ms -->
      </step><!-- duration: 2019ms -->
      <step title="None repository commit" date="2025-10-08T17:37:08.599" >
        <step title="Commit id: a845b80cb6f9412c807a9267308f8ff2" date="2025-10-08T17:37:08.616" Message="OneDeploy" AuthorName="N/A" AuthorEmail="N/A" /><!-- duration: 0ms -->
      </step><!-- duration: 37ms -->
      <step title="Before sending BuildRequestReceived status to /api/updatedeploystatus" date="2025-10-08T17:37:08.646" /><!-- duration: 0ms -->
      <step title="DeploymentManager.Deploy(id:a845b80cb6f9412c807a9267308f8ff2)" date="2025-10-08T17:37:08.677" >
        <step title="Collecting changeset information" date="2025-10-08T17:37:08.724" /><!-- duration: 31ms -->
        <step title="Updating submodules" date="2025-10-08T17:37:08.755" >
          <step title="Updating submodules." date="2025-10-08T17:37:08.786" /><!-- duration: 0ms -->
        </step><!-- duration: 47ms -->
        <step title="Preparing deployment for commit id &apos;a845b80cb6&apos;." date="2025-10-08T17:37:08.833" /><!-- duration: 0ms -->
        <step title="Determining deployment builder" date="2025-10-08T17:37:08.866" >
          <step title="Builder is OneDeployBuilder" date="2025-10-08T17:37:08.866" /><!-- duration: 18ms -->
        </step><!-- duration: 18ms -->
        <step title="Copying SSH keys" date="2025-10-08T17:37:08.913" /><!-- duration: 16ms -->
        <step title="Building" date="2025-10-08T17:37:08.944" >
          <step title="Running build. Project type: OneDeploy" date="2025-10-08T17:37:08.991" /><!-- duration: 0ms -->
          <step title="Copying the manifest" date="2025-10-08T17:37:09.006" /><!-- duration: 16ms -->
          <step title="Clean deploying to C:\home\site\wwwroot" date="2025-10-08T17:37:09.131" /><!-- duration: 0ms -->
          <step title="Generating deployment script." date="2025-10-08T17:37:09.163" /><!-- duration: 0ms -->
          <step title="Generating deployment script" date="2025-10-08T17:37:09.163" >
            <step title="Using cached version of the deployment script for command: -y --no-dot-deployment -r &quot;C:\local\Temp\zipdeploy\extracted&quot; -o &quot;C:\home\site\deployments\tools&quot; --basic --sitePath &quot;C:\local\Temp\zipdeploy\extracted&quot;" date="2025-10-08T17:37:09.304" /><!-- duration: 0ms -->
            <step title="Using cached version of deployment script (command: &apos;azure -y --no-dot-deployment -r &quot;C:\local\Temp\zipdeploy\extracted&quot; -o &quot;C:\home\site\deployments\tools&quot; --basic --sitePath &quot;C:\local\Temp\zipdeploy\extracted&quot;&apos;)." date="2025-10-08T17:37:09.319" /><!-- duration: 16ms -->
          </step><!-- duration: 188ms -->
          <step title="Running deployment command..." date="2025-10-08T17:37:09.366" /><!-- duration: 16ms -->
          <step title="Command: &quot;C:\home\site\deployments\tools\deploy.cmd&quot;" date="2025-10-08T17:37:09.381" /><!-- duration: 0ms -->
          <step title="Executing external process" date="2025-10-08T17:37:09.413" type="process" path="starter.cmd" arguments="&quot;C:\home\site\deployments\tools\deploy.cmd&quot;" >
            <step title="Handling Basic Web Site deployment." date="2025-10-08T17:37:10.944" /><!-- duration: 16ms -->
            <step title="Creating app_offline.htm" date="2025-10-08T17:37:10.994" /><!-- duration: 12ms -->
            <step title="KuduSync.NET from: &apos;C:\local\Temp\zipdeploy\extracted&apos; to: &apos;C:\home\site\wwwroot&apos;" date="2025-10-08T17:37:11.024" /><!-- duration: 0ms -->
            <step title="Deleting file: &apos;publish\appsettings.Development.json&apos;" date="2025-10-08T17:37:11.038" /><!-- duration: 0ms -->
            <step title="Deleting file: &apos;publish\appsettings.json&apos;" date="2025-10-08T17:37:11.054" /><!-- duration: 0ms -->
            <step title="Deleting file: &apos;publish\SupportTicketsApi.deps.json&apos;" date="2025-10-08T17:37:11.084" /><!-- duration: 0ms -->
            <step title="Deleting file: &apos;publish\SupportTicketsApi.runtimeconfig.json&apos;" date="2025-10-08T17:37:11.100" /><!-- duration: 0ms -->
            <step title="Deleting file: &apos;publish\SupportTicketsApi.staticwebassets.endpoints.json&apos;" date="2025-10-08T17:37:11.116" /><!-- duration: 0ms -->
            <step title="Deleting file: &apos;publish\web.config&apos;" date="2025-10-08T17:37:11.131" /><!-- duration: 0ms -->
            <step title="Deleting file: &apos;publish\App_Data\tickets.json&apos;" date="2025-10-08T17:37:11.147" /><!-- duration: 0ms -->
            <step title="Deleting directory: &apos;publish\App_Data&apos;" date="2025-10-08T17:37:11.147" /><!-- duration: 17ms -->
            <step title="Deleting file: &apos;publish\final-logs\deployments\latest.json&apos;" date="2025-10-08T17:37:11.164" /><!-- duration: 0ms -->
            <step title="Deleting directory: &apos;publish\final-logs\deployments&apos;" date="2025-10-08T17:37:11.178" /><!-- duration: 0ms -->
            <step title="Deleting file: &apos;publish\final-logs\LogFiles\MicrosoftDiagnosticServices\hostConfig.json&apos;" date="2025-10-08T17:37:11.178" /><!-- duration: 16ms -->
            <step title="Deleting directory: &apos;publish\final-logs\LogFiles\MicrosoftDiagnosticServices&apos;" date="2025-10-08T17:37:11.194" /><!-- duration: 0ms -->
            <step title="Deleting directory: &apos;publish\final-logs\LogFiles&apos;" date="2025-10-08T17:37:11.209" /><!-- duration: 0ms -->
            <step title="Deleting directory: &apos;publish\final-logs&apos;" date="2025-10-08T17:37:11.225" /><!-- duration: 0ms -->
            <step title="Deleting file: &apos;publish\latest-logs\deployments\latest.json&apos;" date="2025-10-08T17:37:11.225" /><!-- duration: 0ms -->
            <step title="Deleting directory: &apos;publish\latest-logs\deployments&apos;" date="2025-10-08T17:37:11.241" /><!-- duration: 0ms -->
            <step title="Deleting file: &apos;publish\latest-logs\LogFiles\MicrosoftDiagnosticServices\hostConfig.json&apos;" date="2025-10-08T17:37:11.256" /><!-- duration: 0ms -->
            <step title="Deleting directory: &apos;publish\latest-logs\LogFiles\MicrosoftDiagnosticServices&apos;" date="2025-10-08T17:37:11.272" /><!-- duration: 16ms -->
            <step title="Deleting directory: &apos;publish\latest-logs\LogFiles&apos;" date="2025-10-08T17:37:11.288" /><!-- duration: 0ms -->
            <step title="Deleting directory: &apos;publish\latest-logs&apos;" date="2025-10-08T17:37:11.305" /><!-- duration: 14ms -->
            <step title="Deleting file: &apos;publish\logs\deployments\latest.json&apos;" date="2025-10-08T17:37:11.335" /><!-- duration: 0ms -->
            <step title="Deleting directory: &apos;publish\logs\deployments&apos;" date="2025-10-08T17:37:11.350" /><!-- duration: 0ms -->
            <step title="Deleting file: &apos;publish\logs\LogFiles\MicrosoftDiagnosticServices\hostConfig.json&apos;" date="2025-10-08T17:37:11.350" /><!-- duration: 0ms -->
            <step title="Deleting directory: &apos;publish\logs\LogFiles\MicrosoftDiagnosticServices&apos;" date="2025-10-08T17:37:11.366" /><!-- duration: 0ms -->
            <step title="Deleting directory: &apos;publish\logs\LogFiles&apos;" date="2025-10-08T17:37:11.366" /><!-- duration: 0ms -->
            <step title="Deleting directory: &apos;publish\logs&apos;" date="2025-10-08T17:37:11.381" /><!-- duration: 0ms -->
            <step title="Deleting file: &apos;publish\publish-no-auth\appsettings.Development.json&apos;" date="2025-10-08T17:37:11.397" /><!-- duration: 0ms -->
            <step title="Deleting file: &apos;publish\publish-no-auth\appsettings.json&apos;" date="2025-10-08T17:37:11.475" /><!-- duration: 0ms -->
            <step title="Deleting file: &apos;publish\publish-no-auth\SupportTicketsApi.deps.json&apos;" date="2025-10-08T17:37:11.475" /><!-- duration: 63ms -->
            <step title="Deleting file: &apos;publish\publish-no-auth\SupportTicketsApi.runtimeconfig.json&apos;" date="2025-10-08T17:37:11.538" /><!-- duration: 0ms -->
            <step title="Deleting file: &apos;publish\publish-no-auth\SupportTicketsApi.staticwebassets.endpoints.json&apos;" date="2025-10-08T17:37:11.553" /><!-- duration: 0ms -->
            <step title="Deleting file: &apos;publish\publish-no-auth\web.config&apos;" date="2025-10-08T17:37:11.569" /><!-- duration: 0ms -->
            <step title="Deleting file: &apos;publish\publish-no-auth\App_Data\tickets.json&apos;" date="2025-10-08T17:37:11.584" /><!-- duration: 0ms -->
            <step title="Deleting directory: &apos;publish\publish-no-auth\App_Data&apos;" date="2025-10-08T17:37:11.600" /><!-- duration: 0ms -->
            <step title="Deleting file: &apos;publish\publish-no-auth\latest-logs\deployments\latest.json&apos;" date="2025-10-08T17:37:11.616" /><!-- duration: 0ms -->
            <step title="Deleting directory: &apos;publish\publish-no-auth\latest-logs\deployments&apos;" date="2025-10-08T17:37:11.616" /><!-- duration: 16ms -->
            <step title="Deleting file: &apos;publish\publish-no-auth\latest-logs\LogFiles\MicrosoftDiagnosticServices\hostConfig.json&apos;" date="2025-10-08T17:37:11.631" /><!-- duration: 0ms -->
            <step title="Deleting directory: &apos;publish\publish-no-auth\latest-logs\LogFiles\MicrosoftDiagnosticServices&apos;" date="2025-10-08T17:37:11.663" /><!-- duration: 0ms -->
            <step title="Deleting directory: &apos;publish\publish-no-auth\latest-logs\LogFiles&apos;" date="2025-10-08T17:37:11.678" /><!-- duration: 0ms -->
            <step title="Deleting directory: &apos;publish\publish-no-auth\latest-logs&apos;" date="2025-10-08T17:37:11.678" /><!-- duration: 16ms -->
            <step title="Deleting file: &apos;publish\publish-no-auth\logs\deployments\latest.json&apos;" date="2025-10-08T17:37:11.694" /><!-- duration: 0ms -->
            <step title="Deleting directory: &apos;publish\publish-no-auth\logs\deployments&apos;" date="2025-10-08T17:37:11.709" /><!-- duration: 0ms -->
            <step title="Deleting file: &apos;publish\publish-no-auth\logs\LogFiles\MicrosoftDiagnosticServices\hostConfig.json&apos;" date="2025-10-08T17:37:11.725" /><!-- duration: 0ms -->
            <step title="Deleting directory: &apos;publish\publish-no-auth\logs\LogFiles\MicrosoftDiagnosticServices&apos;" date="2025-10-08T17:37:11.725" /><!-- duration: 16ms -->
            <step title="Deleting directory: &apos;publish\publish-no-auth\logs\LogFiles&apos;" date="2025-10-08T17:37:11.741" /><!-- duration: 0ms -->
            <step title="Deleting directory: &apos;publish\publish-no-auth\logs&apos;" date="2025-10-08T17:37:11.756" /><!-- duration: 0ms -->
            <step title="Deleting file: &apos;publish\publish-no-auth\publish\appsettings.Development.json&apos;" date="2025-10-08T17:37:11.756" /><!-- duration: 15ms -->
            <step title="Deleting file: &apos;publish\publish-no-auth\publish\appsettings.json&apos;" date="2025-10-08T17:37:11.772" /><!-- duration: 0ms -->
            <step title="Omitting next output lines..." date="2025-10-08T17:37:11.788" /><!-- duration: 0ms -->
            <step title="Finished successfully." date="2025-10-08T17:37:12.570" /><!-- duration: 20ms -->
          </step><!-- duration: 3220ms -->
          <step title="Build completed succesfully." date="2025-10-08T17:37:12.680" /><!-- duration: 0ms -->
          <step title="Running post deployment command(s)..." date="2025-10-08T17:37:12.742" /><!-- duration: 0ms -->
          <step title="Requesting site restart" date="2025-10-08T17:37:12.820" /><!-- duration: 0ms -->
          <step title="Requesting site restart" date="2025-10-08T17:37:12.820" /><!-- duration: 16ms -->
          <step title="Requesting site restart. Attempt #1" date="2025-10-08T17:37:12.867" /><!-- duration: 0ms -->
          <step title="Requesting site restart. Attempt #1" date="2025-10-08T17:37:12.883" /><!-- duration: 0ms -->
          <step title="Successfully requested a restart. Attempt #1" date="2025-10-08T17:37:14.384" /><!-- duration: 14ms -->
          <step title="Successfully requested a restart. Attempt #1" date="2025-10-08T17:37:14.398" /><!-- duration: 0ms -->
          <step title="Deployment successful. DEPLOYMENTINFO: deploymentPath = OneDeploy, deployer = OneDeploy, os = windows, sku = Basic, siteName = SaaliTicketsApiClean, siteHostName = saaliticketsapiclean.azurewebsites.net, deploymentStatus = Success" date="2025-10-08T17:37:14.429" /><!-- duration: 0ms -->
        </step><!-- duration: 5736ms -->
      </step><!-- duration: 6003ms -->
      <step title="Cleaning up temp files" date="2025-10-08T17:37:14.679" /><!-- duration: 16ms -->
      <step title="Skip function trigger and logicapp sync because function is not enabled." date="2025-10-08T17:37:14.716" /><!-- duration: 0ms -->
    </step><!-- duration: 8565ms -->
    <step title="LockFile &apos;C:\home\site\locks\deployments.lock&apos; released" date="2025-10-08T17:37:14.758" /><!-- duration: 0ms -->
    <step title="Deleting shutdown sentinel file" date="2025-10-08T17:37:14.758" SemaphoreCount="8" /><!-- duration: 0ms -->
  </step><!-- duration: 9538ms -->
  <step title="Outgoing response" date="2025-10-08T17:37:14.853" type="response" statusCode="200" statusText="OK" Server="Microsoft-IIS/10.0" x-ms-request-id="5ce3d278-a46d-11f0-acf8-f8e43b758159" Cache-Control="private" X-AspNet-Version="4.0.30319" /><!-- duration: 20ms -->
</step><!-- duration: 12404ms -->
