<step title="Incoming Request" date="2025-10-06T11:14:12.591" instance="95aa36" url="/api/publish?type=zip" method="POST" type="request" pid="2096,2,7" Cache-Control="no-cache" Connection="Keep-Alive" Content-Length="1645552" Content-Type="application/octet-stream" Accept="*/*" Accept-Encoding="gzip, deflate" Authorization="Bea..." Host="saaliticketsapiclean.scm.azurewebsites.net" User-Agent="AZURECLI/2.65.0 (MSI)" x-ms-client-request-id="90753999-a2a5-11f0-b959-f8e43b758159" X-ARR-LOG-ID="90753999-a2a5-11f0-b959-f8e43b758159" CLIENT-IP="45.86.89.182:64994" X-SITE-DEPLOYMENT-ID="SaaliTicketsApiClean" WAS-DEFAULT-HOSTNAME="saaliticketsapiclean.scm.azurewebsites.net" X-Forwarded-Proto="https" X-AppService-Proto="https" X-Forwarded-TlsVersion="1.3" X-WAWS-Unencoded-URL="/api/publish?type=zip" X-MS-COLDSTART="1" >
  <step title="OneDeploy" date="2025-10-06T11:14:14.482" >
    <step title="Starting PushDeployAsync" date="2025-10-06T11:14:14.560" /><!-- duration: 0ms -->
    <step title="Updating shutdown sentinel last write time" date="2025-10-06T11:14:14.747" SemaphoreCount="7" /><!-- duration: 16ms -->
    <step title="LockFile &apos;C:\home\site\locks\deployments.lock&apos; acquired" date="2025-10-06T11:14:14.763" /><!-- duration: 0ms -->
    <step title="Saving request content to C:\local\Temp\zipdeploy\yhf5nfk5.zip" date="2025-10-06T11:14:14.779" >
      <step title="Total 1,645,552 bytes written to C:\local\Temp\zipdeploy\yhf5nfk5.zip" date="2025-10-06T11:14:14.862" /><!-- duration: 0ms -->
    </step><!-- duration: 94ms -->
    <step title="LockFile &apos;C:\home\site\locks\deployments.lock&apos; released" date="2025-10-06T11:14:14.872" /><!-- duration: 0ms -->
    <step title="Deleting shutdown sentinel file" date="2025-10-06T11:14:14.872" SemaphoreCount="8" /><!-- duration: 16ms -->
    <step title="Starting FetchDeploy" date="2025-10-06T11:14:14.888" /><!-- duration: 0ms -->
    <step title="Attempting to fetch target branch HEAD" date="2025-10-06T11:14:14.888" /><!-- duration: 16ms -->
    <step title="Updating shutdown sentinel last write time" date="2025-10-06T11:14:14.951" SemaphoreCount="7" /><!-- duration: 0ms -->
    <step title="LockFile &apos;C:\home\site\locks\deployments.lock&apos; acquired" date="2025-10-06T11:14:14.951" /><!-- duration: 16ms -->
    <step title="Performing fetch based deployment" date="2025-10-06T11:14:14.966" >
      <step title="Creating temporary deployment" date="2025-10-06T11:14:14.966" /><!-- duration: 109ms -->
      <step title="Fetching changes." date="2025-10-06T11:14:15.169" /><!-- duration: 0ms -->
      <step title="Starting LocalZipHandler" date="2025-10-06T11:14:15.185" /><!-- duration: 0ms -->
      <step title="Starting LocalZipFetch" date="2025-10-06T11:14:15.185" /><!-- duration: 0ms -->
      <step title="Cleaning up temp folders from previous zip deployments and extracting pushed zip file C:\local\Temp\zipdeploy\yhf5nfk5.zip (1.57 MB) to C:\local\Temp\zipdeploy\extracted" date="2025-10-06T11:14:15.201" /><!-- duration: 0ms -->
      <step title="Cleaning up temp folders from previous zip deployments and extracting pushed zip file C:\local\Temp\zipdeploy\yhf5nfk5.zip (1.57 MB) to C:\local\Temp\zipdeploy\extracted" date="2025-10-06T11:14:15.201" >
        <step title="Extracting 90 entries to C:\local\Temp\zipdeploy\extracted directory" date="2025-10-06T11:14:15.232" >
          <step title="Extracting to C:\local\Temp\zipdeploy\extracted\App_Data\tickets.json ..." date="2025-10-06T11:14:15.232" /><!-- duration: 47ms -->
          <step title="Extracting to C:\local\Temp\zipdeploy\extracted\final-logs\deployments\latest.json ..." date="2025-10-06T11:14:15.279" /><!-- duration: 0ms -->
          <step title="Extracting to C:\local\Temp\zipdeploy\extracted\final-logs\LogFiles\MicrosoftDiagnosticServices\hostConfig.json ..." date="2025-10-06T11:14:15.279" /><!-- duration: 0ms -->
          <step title="Extracting to C:\local\Temp\zipdeploy\extracted\latest-logs\deployments\latest.json ..." date="2025-10-06T11:14:15.294" /><!-- duration: 0ms -->
          <step title="Extracting to C:\local\Temp\zipdeploy\extracted\latest-logs\LogFiles\MicrosoftDiagnosticServices\hostConfig.json ..." date="2025-10-06T11:14:15.294" /><!-- duration: 0ms -->
          <step title="Omitting extracting file traces ..." date="2025-10-06T11:14:15.294" /><!-- duration: 16ms -->
        </step><!-- duration: 406ms -->
      </step><!-- duration: 453ms -->
      <step title="None repository commit" date="2025-10-06T11:14:15.654" >
        <step title="Commit id: 82a1af2dcb284299b56838c7fc4695b6" date="2025-10-06T11:14:15.654" Message="OneDeploy" AuthorName="N/A" AuthorEmail="N/A" /><!-- duration: 0ms -->
      </step><!-- duration: 0ms -->
      <step title="Before sending BuildRequestReceived status to /api/updatedeploystatus" date="2025-10-06T11:14:15.654" /><!-- duration: 0ms -->
      <step title="DeploymentManager.Deploy(id:82a1af2dcb284299b56838c7fc4695b6)" date="2025-10-06T11:14:15.669" >
        <step title="Collecting changeset information" date="2025-10-06T11:14:15.685" /><!-- duration: 31ms -->
        <step title="Updating submodules" date="2025-10-06T11:14:15.716" >
          <step title="Updating submodules." date="2025-10-06T11:14:15.732" /><!-- duration: 0ms -->
        </step><!-- duration: 31ms -->
        <step title="Preparing deployment for commit id &apos;82a1af2dcb&apos;." date="2025-10-06T11:14:15.779" /><!-- duration: 0ms -->
        <step title="Determining deployment builder" date="2025-10-06T11:14:15.794" >
          <step title="Builder is OneDeployBuilder" date="2025-10-06T11:14:15.810" /><!-- duration: 0ms -->
        </step><!-- duration: 16ms -->
        <step title="Copying SSH keys" date="2025-10-06T11:14:15.826" /><!-- duration: 0ms -->
        <step title="Building" date="2025-10-06T11:14:15.826" >
          <step title="Running build. Project type: OneDeploy" date="2025-10-06T11:14:15.857" /><!-- duration: 0ms -->
          <step title="Copying the manifest" date="2025-10-06T11:14:15.872" /><!-- duration: 0ms -->
          <step title="Clean deploying to C:\home\site\wwwroot" date="2025-10-06T11:14:15.919" /><!-- duration: 0ms -->
          <step title="Generating deployment script." date="2025-10-06T11:14:15.951" /><!-- duration: 0ms -->
          <step title="Generating deployment script" date="2025-10-06T11:14:15.951" >
            <step title="Using the following command to generate deployment script: &apos;azure site deploymentscript -y --no-dot-deployment -r &quot;C:\local\Temp\zipdeploy\extracted&quot; -o &quot;C:\home\site\deployments\tools&quot; --basic --sitePath &quot;C:\local\Temp\zipdeploy\extracted&quot;&apos;." date="2025-10-06T11:14:16.107" /><!-- duration: 0ms -->
            <step title="Executing external process" date="2025-10-06T11:14:16.154" type="process" path="starter.cmd" arguments="&quot;C:\Program Files (x86)\SiteExtensions\Kudu\2025.09.1.1\bin\node_modules\.bin\kuduscript.cmd&quot; -y --no-dot-deployment -r &quot;C:\local\Temp\zipdeploy\extracted&quot; -o &quot;C:\home\site\deployments\tools&quot; --basic --sitePath &quot;C:\local\Temp\zipdeploy\extracted&quot;" >
              <step title="Generating deployment script for Web Site" date="2025-10-06T11:14:16.654" /><!-- duration: 0ms -->
              <step title="Generated deployment script files" date="2025-10-06T11:14:16.669" /><!-- duration: 0ms -->
            </step><!-- duration: 531ms -->
            <step title="Saved cached version of the deployment script for command -y --no-dot-deployment -r &quot;C:\local\Temp\zipdeploy\extracted&quot; -o &quot;C:\home\site\deployments\tools&quot; --basic --sitePath &quot;C:\local\Temp\zipdeploy\extracted&quot;" date="2025-10-06T11:14:16.685" /><!-- duration: 16ms -->
          </step><!-- duration: 750ms -->
          <step title="Running deployment command..." date="2025-10-06T11:14:16.716" /><!-- duration: 0ms -->
          <step title="Command: &quot;C:\home\site\deployments\tools\deploy.cmd&quot;" date="2025-10-06T11:14:16.732" /><!-- duration: 0ms -->
          <step title="Executing external process" date="2025-10-06T11:14:16.732" type="process" path="starter.cmd" arguments="&quot;C:\home\site\deployments\tools\deploy.cmd&quot;" >
            <step title="Handling Basic Web Site deployment." date="2025-10-06T11:14:17.107" /><!-- duration: 0ms -->
            <step title="Creating app_offline.htm" date="2025-10-06T11:14:17.576" /><!-- duration: 0ms -->
            <step title="KuduSync.NET from: &apos;C:\local\Temp\zipdeploy\extracted&apos; to: &apos;C:\home\site\wwwroot&apos;" date="2025-10-06T11:14:17.576" /><!-- duration: 0ms -->
            <step title="Deleting file: &apos;hostingstart.html&apos;" date="2025-10-06T11:14:17.591" /><!-- duration: 0ms -->
            <step title="Copying file: &apos;appsettings.Development.json&apos;" date="2025-10-06T11:14:17.591" /><!-- duration: 0ms -->
            <step title="Copying file: &apos;appsettings.json&apos;" date="2025-10-06T11:14:17.607" /><!-- duration: 0ms -->
            <step title="Copying file: &apos;Azure.Core.dll&apos;" date="2025-10-06T11:14:17.607" /><!-- duration: 0ms -->
            <step title="Copying file: &apos;Azure.Data.Tables.dll&apos;" date="2025-10-06T11:14:17.622" /><!-- duration: 0ms -->
            <step title="Copying file: &apos;Microsoft.Bcl.AsyncInterfaces.dll&apos;" date="2025-10-06T11:14:17.622" /><!-- duration: 0ms -->
            <step title="Copying file: &apos;Microsoft.OpenApi.dll&apos;" date="2025-10-06T11:14:17.638" /><!-- duration: 0ms -->
            <step title="Copying file: &apos;SupportTicketsApi.deps.json&apos;" date="2025-10-06T11:14:17.638" /><!-- duration: 16ms -->
            <step title="Copying file: &apos;SupportTicketsApi.dll&apos;" date="2025-10-06T11:14:17.654" /><!-- duration: 0ms -->
            <step title="Copying file: &apos;SupportTicketsApi.exe&apos;" date="2025-10-06T11:14:17.654" /><!-- duration: 16ms -->
            <step title="Copying file: &apos;SupportTicketsApi.pdb&apos;" date="2025-10-06T11:14:17.669" /><!-- duration: 0ms -->
            <step title="Copying file: &apos;SupportTicketsApi.runtimeconfig.json&apos;" date="2025-10-06T11:14:17.669" /><!-- duration: 16ms -->
            <step title="Copying file: &apos;SupportTicketsApi.staticwebassets.endpoints.json&apos;" date="2025-10-06T11:14:17.685" /><!-- duration: 0ms -->
            <step title="Copying file: &apos;Swashbuckle.AspNetCore.Swagger.dll&apos;" date="2025-10-06T11:14:17.685" /><!-- duration: 16ms -->
            <step title="Copying file: &apos;Swashbuckle.AspNetCore.SwaggerGen.dll&apos;" date="2025-10-06T11:14:17.701" /><!-- duration: 0ms -->
            <step title="Copying file: &apos;Swashbuckle.AspNetCore.SwaggerUI.dll&apos;" date="2025-10-06T11:14:17.701" /><!-- duration: 16ms -->
            <step title="Copying file: &apos;System.Memory.Data.dll&apos;" date="2025-10-06T11:14:17.716" /><!-- duration: 0ms -->
            <step title="Copying file: &apos;App_Data\tickets.json&apos;" date="2025-10-06T11:14:17.732" /><!-- duration: 0ms -->
            <step title="Copying file: &apos;final-logs\deployments\latest.json&apos;" date="2025-10-06T11:14:17.732" /><!-- duration: 0ms -->
            <step title="Copying file: &apos;final-logs\LogFiles\MicrosoftDiagnosticServices\hostConfig.json&apos;" date="2025-10-06T11:14:17.779" /><!-- duration: 0ms -->
            <step title="Copying file: &apos;latest-logs\deployments\latest.json&apos;" date="2025-10-06T11:14:17.794" /><!-- duration: 0ms -->
            <step title="Copying file: &apos;latest-logs\LogFiles\MicrosoftDiagnosticServices\hostConfig.json&apos;" date="2025-10-06T11:14:17.794" /><!-- duration: 16ms -->
            <step title="Copying file: &apos;logs\deployments\latest.json&apos;" date="2025-10-06T11:14:17.810" /><!-- duration: 0ms -->
            <step title="Copying file: &apos;logs\LogFiles\MicrosoftDiagnosticServices\hostConfig.json&apos;" date="2025-10-06T11:14:17.810" /><!-- duration: 16ms -->
            <step title="Copying file: &apos;publish\appsettings.Development.json&apos;" date="2025-10-06T11:14:17.826" /><!-- duration: 0ms -->
            <step title="Copying file: &apos;publish\appsettings.json&apos;" date="2025-10-06T11:14:17.826" /><!-- duration: 16ms -->
            <step title="Copying file: &apos;publish\SupportTicketsApi.deps.json&apos;" date="2025-10-06T11:14:17.841" /><!-- duration: 0ms -->
            <step title="Copying file: &apos;publish\SupportTicketsApi.runtimeconfig.json&apos;" date="2025-10-06T11:14:17.857" /><!-- duration: 0ms -->
            <step title="Copying file: &apos;publish\SupportTicketsApi.staticwebassets.endpoints.json&apos;" date="2025-10-06T11:14:17.857" /><!-- duration: 0ms -->
            <step title="Copying file: &apos;publish\App_Data\tickets.json&apos;" date="2025-10-06T11:14:17.872" /><!-- duration: 0ms -->
            <step title="Copying file: &apos;publish\final-logs\deployments\latest.json&apos;" date="2025-10-06T11:14:17.872" /><!-- duration: 0ms -->
            <step title="Copying file: &apos;publish\final-logs\LogFiles\MicrosoftDiagnosticServices\hostConfig.json&apos;" date="2025-10-06T11:14:17.888" /><!-- duration: 0ms -->
            <step title="Copying file: &apos;publish\latest-logs\deployments\latest.json&apos;" date="2025-10-06T11:14:17.904" /><!-- duration: 0ms -->
            <step title="Copying file: &apos;publish\latest-logs\LogFiles\MicrosoftDiagnosticServices\hostConfig.json&apos;" date="2025-10-06T11:14:17.904" /><!-- duration: 0ms -->
            <step title="Copying file: &apos;publish\logs\deployments\latest.json&apos;" date="2025-10-06T11:14:17.919" /><!-- duration: 0ms -->
            <step title="Copying file: &apos;publish\logs\LogFiles\MicrosoftDiagnosticServices\hostConfig.json&apos;" date="2025-10-06T11:14:17.966" /><!-- duration: 0ms -->
            <step title="Copying file: &apos;publish\publish-no-auth\appsettings.Development.json&apos;" date="2025-10-06T11:14:17.966" /><!-- duration: 0ms -->
            <step title="Copying file: &apos;publish\publish-no-auth\appsettings.json&apos;" date="2025-10-06T11:14:17.982" /><!-- duration: 0ms -->
            <step title="Copying file: &apos;publish\publish-no-auth\SupportTicketsApi.deps.json&apos;" date="2025-10-06T11:14:17.982" /><!-- duration: 0ms -->
            <step title="Copying file: &apos;publish\publish-no-auth\SupportTicketsApi.runtimeconfig.json&apos;" date="2025-10-06T11:14:17.997" /><!-- duration: 0ms -->
            <step title="Copying file: &apos;publish\publish-no-auth\SupportTicketsApi.staticwebassets.endpoints.json&apos;" date="2025-10-06T11:14:18.013" /><!-- duration: 0ms -->
            <step title="Copying file: &apos;publish\publish-no-auth\App_Data\tickets.json&apos;" date="2025-10-06T11:14:18.013" /><!-- duration: 18ms -->
            <step title="Copying file: &apos;publish\publish-no-auth\latest-logs\deployments\latest.json&apos;" date="2025-10-06T11:14:18.031" /><!-- duration: 0ms -->
            <step title="Copying file: &apos;publish\publish-no-auth\latest-logs\LogFiles\MicrosoftDiagnosticServices\hostConfig.json&apos;" date="2025-10-06T11:14:18.044" /><!-- duration: 0ms -->
            <step title="Copying file: &apos;publish\publish-no-auth\logs\deployments\latest.json&apos;" date="2025-10-06T11:14:18.044" /><!-- duration: 0ms -->
            <step title="Copying file: &apos;publish\publish-no-auth\logs\LogFiles\MicrosoftDiagnosticServices\hostConfig.json&apos;" date="2025-10-06T11:14:18.060" /><!-- duration: 0ms -->
            <step title="Copying file: &apos;publish\publish-no-auth\publish\appsettings.Development.json&apos;" date="2025-10-06T11:14:18.060" /><!-- duration: 0ms -->
            <step title="Copying file: &apos;publish\publish-no-auth\publish\appsettings.json&apos;" date="2025-10-06T11:14:18.076" /><!-- duration: 0ms -->
            <step title="Omitting next output lines..." date="2025-10-06T11:14:18.091" /><!-- duration: 0ms -->
            <step title="Finished successfully." date="2025-10-06T11:14:18.357" /><!-- duration: 0ms -->
          </step><!-- duration: 1644ms -->
          <step title="Build completed succesfully." date="2025-10-06T11:14:18.388" /><!-- duration: 0ms -->
          <step title="Running post deployment command(s)..." date="2025-10-06T11:14:18.419" /><!-- duration: 0ms -->
          <step title="Requesting site restart" date="2025-10-06T11:14:18.466" /><!-- duration: 0ms -->
          <step title="Requesting site restart" date="2025-10-06T11:14:18.466" /><!-- duration: 0ms -->
          <step title="Requesting site restart. Attempt #1" date="2025-10-06T11:14:18.497" /><!-- duration: 0ms -->
          <step title="Requesting site restart. Attempt #1" date="2025-10-06T11:14:18.497" /><!-- duration: 0ms -->
          <step title="Successfully requested a restart. Attempt #1" date="2025-10-06T11:14:19.529" /><!-- duration: 0ms -->
          <step title="Successfully requested a restart. Attempt #1" date="2025-10-06T11:14:19.529" /><!-- duration: 0ms -->
          <step title="Deployment successful. DEPLOYMENTINFO: deploymentPath = OneDeploy, deployer = OneDeploy, os = windows, sku = Basic, siteName = SaaliTicketsApiClean, siteHostName = saaliticketsapiclean.azurewebsites.net, deploymentStatus = Success" date="2025-10-06T11:14:19.560" /><!-- duration: 0ms -->
        </step><!-- duration: 3848ms -->
      </step><!-- duration: 4016ms -->
      <step title="Cleaning up temp files" date="2025-10-06T11:14:19.685" /><!-- duration: 0ms -->
      <step title="Skip function trigger and logicapp sync because function is not enabled." date="2025-10-06T11:14:19.704" /><!-- duration: 0ms -->
    </step><!-- duration: 4766ms -->
    <step title="LockFile &apos;C:\home\site\locks\deployments.lock&apos; released" date="2025-10-06T11:14:19.732" /><!-- duration: 0ms -->
    <step title="Deleting shutdown sentinel file" date="2025-10-06T11:14:19.732" SemaphoreCount="8" /><!-- duration: 0ms -->
  </step><!-- duration: 5250ms -->
  <step title="Outgoing response" date="2025-10-06T11:14:19.826" type="response" statusCode="200" statusText="OK" Server="Microsoft-IIS/10.0" x-ms-request-id="90753999-a2a5-11f0-b959-f8e43b758159" Cache-Control="private" X-AspNet-Version="4.0.30319" /><!-- duration: 0ms -->
</step><!-- duration: 7234ms -->
