<step title="Incoming Request" date="2025-10-06T16:48:36.344" instance="2ab10c" url="/api/zipdeploy?isAsync=true" method="POST" type="request" pid="6392,2,7" Cache-Control="no-cache" Connection="Keep-Alive" Content-Length="5882497" Content-Type="application/octet-stream" Accept="*/*" Accept-Encoding="gzip, deflate" Authorization="Bea..." Host="saaliticketsapiclean.scm.azurewebsites.net" User-Agent="AZURECLI/2.65.0 (MSI)" x-ms-client-request-id="4582a1c5-a2d4-11f0-81f3-f8e43b758159" X-ARR-LOG-ID="4582a1c5-a2d4-11f0-81f3-f8e43b758159" CLIENT-IP="45.86.89.182:64915" X-SITE-DEPLOYMENT-ID="SaaliTicketsApiClean" WAS-DEFAULT-HOSTNAME="saaliticketsapiclean.scm.azurewebsites.net" X-Forwarded-Proto="https" X-AppService-Proto="https" X-Forwarded-TlsVersion="1.3" X-WAWS-Unencoded-URL="/api/zipdeploy?isAsync=true" X-MS-COLDSTART="1" >
  <step title="ZipPushDeploy" date="2025-10-06T16:48:38.641" >
    <step title="ZipDeploy. Extract zip. " date="2025-10-06T16:48:38.719" /><!-- duration: 0ms -->
    <step title="Starting PushDeployAsync" date="2025-10-06T16:48:38.750" /><!-- duration: 0ms -->
    <step title="Updating shutdown sentinel last write time" date="2025-10-06T16:48:39.032" SemaphoreCount="7" /><!-- duration: 0ms -->
    <step title="LockFile &apos;C:\home\site\locks\deployments.lock&apos; acquired" date="2025-10-06T16:48:39.032" /><!-- duration: 16ms -->
    <step title="Saving request content to C:\local\Temp\zipdeploy\w2tzzrnr.zip" date="2025-10-06T16:48:39.047" >
      <step title="Total 5,882,497 bytes written to C:\local\Temp\zipdeploy\w2tzzrnr.zip" date="2025-10-06T16:48:39.266" /><!-- duration: 0ms -->
    </step><!-- duration: 234ms -->
    <step title="LockFile &apos;C:\home\site\locks\deployments.lock&apos; released" date="2025-10-06T16:48:39.282" /><!-- duration: 16ms -->
    <step title="Deleting shutdown sentinel file" date="2025-10-06T16:48:39.297" SemaphoreCount="8" /><!-- duration: 0ms -->
    <step title="Starting FetchDeploy" date="2025-10-06T16:48:39.313" /><!-- duration: 0ms -->
    <step title="Start deployment in the background" date="2025-10-06T16:48:39.313" /><!-- duration: 187ms -->
  </step><!-- duration: 875ms -->
  <step title="Outgoing response" date="2025-10-06T16:48:39.657" type="response" statusCode="202" statusText="Accepted" Server="Microsoft-IIS/10.0" x-ms-request-id="4582a1c5-a2d4-11f0-81f3-f8e43b758159" Retry-After="30" Cache-Control="private" X-AspNet-Version="4.0.30319" Location="https://saaliticketsapiclean.scm.azurewebsites.net/api/deployments/latest?deployer=ZipDeploy&amp;time=2025-10-06_16-48-39Z" /><!-- duration: 0ms -->
</step><!-- duration: 3312ms -->
