<step title="Incoming Request" date="2025-10-06T17:52:16.160" instance="f9b40a" url="/api/publish?type=zip" method="POST" type="request" pid="8036,2,83" Cache-Control="no-cache" Content-Length="6209564" Content-Type="application/octet-stream" Accept="*/*" Accept-Encoding="gzip, deflate" Authorization="Bea..." Host="saaliticketsapiclean.scm.azurewebsites.net" User-Agent="AZURECLI/2.65.0 (MSI)" x-ms-client-request-id="2f3611fc-a2dd-11f0-8592-f8e43b758159" X-ARR-LOG-ID="2f3611fc-a2dd-11f0-8592-f8e43b758159" CLIENT-IP="45.86.89.182:62563" X-SITE-DEPLOYMENT-ID="SaaliTicketsApiClean" WAS-DEFAULT-HOSTNAME="saaliticketsapiclean.scm.azurewebsites.net" X-Forwarded-Proto="https" X-AppService-Proto="https" X-Forwarded-TlsVersion="1.3" X-WAWS-Unencoded-URL="/api/publish?type=zip" >
  <step title="Cleanup Xml Logs" date="2025-10-06T17:52:16.160" /><!-- duration: 16ms -->
  <step title="OneDeploy" date="2025-10-06T17:52:17.817" >
    <step title="Starting PushDeployAsync" date="2025-10-06T17:52:17.895" /><!-- duration: 0ms -->
    <step title="Updating shutdown sentinel last write time" date="2025-10-06T17:52:18.098" SemaphoreCount="7" /><!-- duration: 16ms -->
    <step title="LockFile &apos;C:\home\site\locks\deployments.lock&apos; acquired" date="2025-10-06T17:52:18.113" /><!-- duration: 0ms -->
    <step title="Saving request content to C:\local\Temp\zipdeploy\n1xgimrm.zip" date="2025-10-06T17:52:18.113" >
      <step title="Total 6,209,564 bytes written to C:\local\Temp\zipdeploy\n1xgimrm.zip" date="2025-10-06T17:52:18.238" /><!-- duration: 0ms -->
    </step><!-- duration: 125ms -->
    <step title="LockFile &apos;C:\home\site\locks\deployments.lock&apos; released" date="2025-10-06T17:52:18.238" /><!-- duration: 16ms -->
    <step title="Deleting shutdown sentinel file" date="2025-10-06T17:52:18.254" SemaphoreCount="8" /><!-- duration: 0ms -->
    <step title="Starting FetchDeploy" date="2025-10-06T17:52:18.270" /><!-- duration: 0ms -->
    <step title="Attempting to fetch target branch HEAD" date="2025-10-06T17:52:18.270" /><!-- duration: 0ms -->
    <step title="Updating shutdown sentinel last write time" date="2025-10-06T17:52:18.332" SemaphoreCount="7" /><!-- duration: 0ms -->
    <step title="LockFile &apos;C:\home\site\locks\deployments.lock&apos; acquired" date="2025-10-06T17:52:18.332" /><!-- duration: 0ms -->
    <step title="Performing fetch based deployment" date="2025-10-06T17:52:18.348" >
      <step title="Creating temporary deployment" date="2025-10-06T17:52:18.348" /><!-- duration: 94ms -->
      <step title="Fetching changes." date="2025-10-06T17:52:18.535" /><!-- duration: 0ms -->
      <step title="Starting LocalZipHandler" date="2025-10-06T17:52:18.535" /><!-- duration: 16ms -->
      <step title="Starting LocalZipFetch" date="2025-10-06T17:52:18.567" /><!-- duration: 0ms -->
      <step title="Cleaning up temp folders from previous zip deployments and extracting pushed zip file C:\local\Temp\zipdeploy\n1xgimrm.zip (5.92 MB) to C:\local\Temp\zipdeploy\extracted" date="2025-10-06T17:52:18.582" /><!-- duration: 0ms -->
      <step title="Cleaning up temp folders from previous zip deployments and extracting pushed zip file C:\local\Temp\zipdeploy\n1xgimrm.zip (5.92 MB) to C:\local\Temp\zipdeploy\extracted" date="2025-10-06T17:52:18.582" >
        <step title="Extracting 367 entries to C:\local\Temp\zipdeploy\extracted directory" date="2025-10-06T17:52:18.629" >
          <step title="Extracting to C:\local\Temp\zipdeploy\extracted\App_Data\tickets.json ..." date="2025-10-06T17:52:18.629" /><!-- duration: 31ms -->
          <step title="Extracting to C:\local\Temp\zipdeploy\extracted\final-logs\deployments\latest.json ..." date="2025-10-06T17:52:18.660" /><!-- duration: 0ms -->
          <step title="Extracting to C:\local\Temp\zipdeploy\extracted\final-logs\LogFiles\MicrosoftDiagnosticServices\hostConfig.json ..." date="2025-10-06T17:52:18.676" /><!-- duration: 0ms -->
          <step title="Extracting to C:\local\Temp\zipdeploy\extracted\latest-logs\deployments\latest.json ..." date="2025-10-06T17:52:18.676" /><!-- duration: 16ms -->
          <step title="Extracting to C:\local\Temp\zipdeploy\extracted\latest-logs\LogFiles\MicrosoftDiagnosticServices\hostConfig.json ..." date="2025-10-06T17:52:18.692" /><!-- duration: 0ms -->
          <step title="Omitting extracting file traces ..." date="2025-10-06T17:52:18.692" /><!-- duration: 0ms -->
        </step><!-- duration: 1375ms -->
      </step><!-- duration: 1422ms -->
      <step title="None repository commit" date="2025-10-06T17:52:20.004" >
        <step title="Commit id: b32679897df34f74a53455b54676ab4e" date="2025-10-06T17:52:20.020" Message="OneDeploy" AuthorName="N/A" AuthorEmail="N/A" /><!-- duration: 0ms -->
      </step><!-- duration: 16ms -->
      <step title="Before sending BuildRequestReceived status to /api/updatedeploystatus" date="2025-10-06T17:52:20.020" /><!-- duration: 0ms -->
      <step title="DeploymentManager.Deploy(id:b32679897df34f74a53455b54676ab4e)" date="2025-10-06T17:52:20.035" >
        <step title="Collecting changeset information" date="2025-10-06T17:52:20.035" /><!-- duration: 62ms -->
        <step title="Updating submodules" date="2025-10-06T17:52:20.098" >
          <step title="Updating submodules." date="2025-10-06T17:52:20.129" /><!-- duration: 0ms -->
        </step><!-- duration: 31ms -->
        <step title="Preparing deployment for commit id &apos;b32679897d&apos;." date="2025-10-06T17:52:20.176" /><!-- duration: 0ms -->
        <step title="Determining deployment builder" date="2025-10-06T17:52:20.207" >
          <step title="Builder is OneDeployBuilder" date="2025-10-06T17:52:20.207" /><!-- duration: 16ms -->
        </step><!-- duration: 16ms -->
        <step title="Copying SSH keys" date="2025-10-06T17:52:20.238" /><!-- duration: 0ms -->
        <step title="Building" date="2025-10-06T17:52:20.238" >
          <step title="Running build. Project type: OneDeploy" date="2025-10-06T17:52:20.270" /><!-- duration: 0ms -->
          <step title="Copying the manifest" date="2025-10-06T17:52:20.301" /><!-- duration: 0ms -->
          <step title="Clean deploying to C:\home\site\wwwroot" date="2025-10-06T17:52:20.348" /><!-- duration: 16ms -->
          <step title="Generating deployment script." date="2025-10-06T17:52:20.379" /><!-- duration: 16ms -->
          <step title="Generating deployment script" date="2025-10-06T17:52:20.395" >
            <step title="Using cached version of the deployment script for command: -y --no-dot-deployment -r &quot;C:\local\Temp\zipdeploy\extracted&quot; -o &quot;C:\home\site\deployments\tools&quot; --basic --sitePath &quot;C:\local\Temp\zipdeploy\extracted&quot;" date="2025-10-06T17:52:20.504" /><!-- duration: 0ms -->
            <step title="Using cached version of deployment script (command: &apos;azure -y --no-dot-deployment -r &quot;C:\local\Temp\zipdeploy\extracted&quot; -o &quot;C:\home\site\deployments\tools&quot; --basic --sitePath &quot;C:\local\Temp\zipdeploy\extracted&quot;&apos;)." date="2025-10-06T17:52:20.536" /><!-- duration: 0ms -->
          </step><!-- duration: 156ms -->
          <step title="Running deployment command..." date="2025-10-06T17:52:20.567" /><!-- duration: 16ms -->
          <step title="Command: &quot;C:\home\site\deployments\tools\deploy.cmd&quot;" date="2025-10-06T17:52:20.582" /><!-- duration: 0ms -->
          <step title="Executing external process" date="2025-10-06T17:52:20.598" type="process" path="starter.cmd" arguments="&quot;C:\home\site\deployments\tools\deploy.cmd&quot;" >
            <step title="Handling Basic Web Site deployment." date="2025-10-06T17:52:21.004" /><!-- duration: 0ms -->
            <step title="Creating app_offline.htm" date="2025-10-06T17:52:21.489" /><!-- duration: 0ms -->
            <step title="KuduSync.NET from: &apos;C:\local\Temp\zipdeploy\extracted&apos; to: &apos;C:\home\site\wwwroot&apos;" date="2025-10-06T17:52:21.504" /><!-- duration: 0ms -->
            <step title="Copying file: &apos;appsettings.json&apos;" date="2025-10-06T17:52:21.504" /><!-- duration: 0ms -->
            <step title="Copying file: &apos;Azure.Core.dll&apos;" date="2025-10-06T17:52:21.520" /><!-- duration: 0ms -->
            <step title="Copying file: &apos;Azure.Data.Tables.dll&apos;" date="2025-10-06T17:52:21.520" /><!-- duration: 0ms -->
            <step title="Copying file: &apos;Azure.Identity.dll&apos;" date="2025-10-06T17:52:21.535" /><!-- duration: 0ms -->
            <step title="Copying file: &apos;Microsoft.Bcl.AsyncInterfaces.dll&apos;" date="2025-10-06T17:52:21.551" /><!-- duration: 0ms -->
            <step title="Copying file: &apos;Microsoft.Identity.Client.dll&apos;" date="2025-10-06T17:52:21.551" /><!-- duration: 0ms -->
            <step title="Copying file: &apos;Microsoft.Identity.Client.Extensions.Msal.dll&apos;" date="2025-10-06T17:52:21.567" /><!-- duration: 0ms -->
            <step title="Copying file: &apos;SupportTicketsApi.deps.json&apos;" date="2025-10-06T17:52:21.567" /><!-- duration: 16ms -->
            <step title="Copying file: &apos;SupportTicketsApi.dll&apos;" date="2025-10-06T17:52:21.582" /><!-- duration: 0ms -->
            <step title="Copying file: &apos;SupportTicketsApi.exe&apos;" date="2025-10-06T17:52:21.598" /><!-- duration: 0ms -->
            <step title="Copying file: &apos;SupportTicketsApi.pdb&apos;" date="2025-10-06T17:52:21.614" /><!-- duration: 0ms -->
            <step title="Copying file: &apos;SupportTicketsApi.runtimeconfig.json&apos;" date="2025-10-06T17:52:21.614" /><!-- duration: 0ms -->
            <step title="Copying file: &apos;System.ClientModel.dll&apos;" date="2025-10-06T17:52:21.629" /><!-- duration: 0ms -->
            <step title="Copying file: &apos;System.Memory.Data.dll&apos;" date="2025-10-06T17:52:21.645" /><!-- duration: 0ms -->
            <step title="Copying file: &apos;System.Security.Cryptography.ProtectedData.dll&apos;" date="2025-10-06T17:52:21.645" /><!-- duration: 0ms -->
            <step title="Copying file: &apos;App_Data\tickets.json&apos;" date="2025-10-06T17:52:21.660" /><!-- duration: 0ms -->
            <step title="Copying file: &apos;publish\appsettings.json&apos;" date="2025-10-06T17:52:21.660" /><!-- duration: 16ms -->
            <step title="Copying file: &apos;publish-auth\appsettings.Development.json&apos;" date="2025-10-06T17:52:21.676" /><!-- duration: 0ms -->
            <step title="Copying file: &apos;publish-auth\appsettings.json&apos;" date="2025-10-06T17:52:21.692" /><!-- duration: 0ms -->
            <step title="Copying file: &apos;publish-auth\SupportTicketsApi.deps.json&apos;" date="2025-10-06T17:52:21.692" /><!-- duration: 0ms -->
            <step title="Copying file: &apos;publish-auth\SupportTicketsApi.runtimeconfig.json&apos;" date="2025-10-06T17:52:21.707" /><!-- duration: 16ms -->
            <step title="Copying file: &apos;publish-auth\SupportTicketsApi.staticwebassets.endpoints.json&apos;" date="2025-10-06T17:52:21.723" /><!-- duration: 16ms -->
            <step title="Copying file: &apos;publish-auth\App_Data\tickets.json&apos;" date="2025-10-06T17:52:21.739" /><!-- duration: 0ms -->
            <step title="Copying file: &apos;publish-auth\final-logs\deployments\latest.json&apos;" date="2025-10-06T17:52:21.754" /><!-- duration: 0ms -->
            <step title="Copying file: &apos;publish-auth\final-logs\LogFiles\MicrosoftDiagnosticServices\hostConfig.json&apos;" date="2025-10-06T17:52:21.754" /><!-- duration: 16ms -->
            <step title="Copying file: &apos;publish-auth\latest-logs\deployments\latest.json&apos;" date="2025-10-06T17:52:21.770" /><!-- duration: 0ms -->
            <step title="Copying file: &apos;publish-auth\latest-logs\LogFiles\MicrosoftDiagnosticServices\hostConfig.json&apos;" date="2025-10-06T17:52:21.785" /><!-- duration: 0ms -->
            <step title="Copying file: &apos;publish-auth\logs\deployments\latest.json&apos;" date="2025-10-06T17:52:21.785" /><!-- duration: 0ms -->
            <step title="Copying file: &apos;publish-auth\logs\LogFiles\MicrosoftDiagnosticServices\hostConfig.json&apos;" date="2025-10-06T17:52:21.801" /><!-- duration: 0ms -->
            <step title="Copying file: &apos;publish-auth\publish\appsettings.Development.json&apos;" date="2025-10-06T17:52:21.817" /><!-- duration: 0ms -->
            <step title="Copying file: &apos;publish-auth\publish\appsettings.json&apos;" date="2025-10-06T17:52:21.817" /><!-- duration: 16ms -->
            <step title="Copying file: &apos;publish-auth\publish\SupportTicketsApi.deps.json&apos;" date="2025-10-06T17:52:21.832" /><!-- duration: 16ms -->
            <step title="Copying file: &apos;publish-auth\publish\SupportTicketsApi.runtimeconfig.json&apos;" date="2025-10-06T17:52:21.848" /><!-- duration: 0ms -->
            <step title="Copying file: &apos;publish-auth\publish\SupportTicketsApi.staticwebassets.endpoints.json&apos;" date="2025-10-06T17:52:21.864" /><!-- duration: 0ms -->
            <step title="Copying file: &apos;publish-auth\publish\App_Data\tickets.json&apos;" date="2025-10-06T17:52:21.864" /><!-- duration: 0ms -->
            <step title="Copying file: &apos;publish-auth\publish\final-logs\deployments\latest.json&apos;" date="2025-10-06T17:52:21.879" /><!-- duration: 0ms -->
            <step title="Copying file: &apos;publish-auth\publish\final-logs\LogFiles\MicrosoftDiagnosticServices\hostConfig.json&apos;" date="2025-10-06T17:52:21.895" /><!-- duration: 0ms -->
            <step title="Copying file: &apos;publish-auth\publish\latest-logs\deployments\latest.json&apos;" date="2025-10-06T17:52:21.895" /><!-- duration: 0ms -->
            <step title="Copying file: &apos;publish-auth\publish\latest-logs\LogFiles\MicrosoftDiagnosticServices\hostConfig.json&apos;" date="2025-10-06T17:52:21.910" /><!-- duration: 0ms -->
            <step title="Copying file: &apos;publish-auth\publish\logs\deployments\latest.json&apos;" date="2025-10-06T17:52:21.910" /><!-- duration: 16ms -->
            <step title="Copying file: &apos;publish-auth\publish\logs\LogFiles\MicrosoftDiagnosticServices\hostConfig.json&apos;" date="2025-10-06T17:52:21.926" /><!-- duration: 0ms -->
            <step title="Copying file: &apos;publish-auth\publish\publish-no-auth\appsettings.Development.json&apos;" date="2025-10-06T17:52:21.942" /><!-- duration: 0ms -->
            <step title="Copying file: &apos;publish-auth\publish\publish-no-auth\appsettings.json&apos;" date="2025-10-06T17:52:21.957" /><!-- duration: 0ms -->
            <step title="Copying file: &apos;publish-auth\publish\publish-no-auth\SupportTicketsApi.deps.json&apos;" date="2025-10-06T17:52:21.989" /><!-- duration: 0ms -->
            <step title="Copying file: &apos;publish-auth\publish\publish-no-auth\SupportTicketsApi.runtimeconfig.json&apos;" date="2025-10-06T17:52:22.004" /><!-- duration: 0ms -->
            <step title="Copying file: &apos;publish-auth\publish\publish-no-auth\SupportTicketsApi.staticwebassets.endpoints.json&apos;" date="2025-10-06T17:52:22.004" /><!-- duration: 0ms -->
            <step title="Copying file: &apos;publish-auth\publish\publish-no-auth\App_Data\tickets.json&apos;" date="2025-10-06T17:52:22.020" /><!-- duration: 0ms -->
            <step title="Copying file: &apos;publish-auth\publish\publish-no-auth\latest-logs\deployments\latest.json&apos;" date="2025-10-06T17:52:22.036" /><!-- duration: 0ms -->
            <step title="Omitting next output lines..." date="2025-10-06T17:52:22.036" /><!-- duration: 0ms -->
            <step title="Finished successfully." date="2025-10-06T17:52:22.692" /><!-- duration: 0ms -->
          </step><!-- duration: 2110ms -->
          <step title="Build completed succesfully." date="2025-10-06T17:52:22.739" /><!-- duration: 0ms -->
          <step title="Running post deployment command(s)..." date="2025-10-06T17:52:22.770" /><!-- duration: 0ms -->
          <step title="Requesting site restart" date="2025-10-06T17:52:22.833" /><!-- duration: 0ms -->
          <step title="Requesting site restart" date="2025-10-06T17:52:22.833" /><!-- duration: 16ms -->
          <step title="Requesting site restart. Attempt #1" date="2025-10-06T17:52:22.880" /><!-- duration: 0ms -->
          <step title="Requesting site restart. Attempt #1" date="2025-10-06T17:52:22.880" /><!-- duration: 0ms -->
          <step title="Successfully requested a restart. Attempt #1" date="2025-10-06T17:52:23.879" /><!-- duration: 16ms -->
          <step title="Successfully requested a restart. Attempt #1" date="2025-10-06T17:52:23.895" /><!-- duration: 0ms -->
          <step title="Deployment successful. DEPLOYMENTINFO: deploymentPath = OneDeploy, deployer = OneDeploy, os = windows, sku = Basic, siteName = SaaliTicketsApiClean, siteHostName = saaliticketsapiclean.azurewebsites.net, deploymentStatus = Success" date="2025-10-06T17:52:23.926" /><!-- duration: 0ms -->
        </step><!-- duration: 3829ms -->
      </step><!-- duration: 4032ms -->
      <step title="Cleaning up temp files" date="2025-10-06T17:52:24.067" /><!-- duration: 16ms -->
      <step title="Skip function trigger and logicapp sync because function is not enabled." date="2025-10-06T17:52:24.083" /><!-- duration: 0ms -->
    </step><!-- duration: 5782ms -->
    <step title="LockFile &apos;C:\home\site\locks\deployments.lock&apos; released" date="2025-10-06T17:52:24.129" /><!-- duration: 0ms -->
    <step title="Deleting shutdown sentinel file" date="2025-10-06T17:52:24.129" SemaphoreCount="8" /><!-- duration: 0ms -->
  </step><!-- duration: 6328ms -->
  <step title="Outgoing response" date="2025-10-06T17:52:24.161" type="response" statusCode="200" statusText="OK" Server="Microsoft-IIS/10.0" x-ms-request-id="2f3611fc-a2dd-11f0-8592-f8e43b758159" Cache-Control="private" X-AspNet-Version="4.0.30319" /><!-- duration: 0ms -->
</step><!-- duration: 8016ms -->
