<step title="BackgroundTrace" date="2025-10-09T11:15:57.145" instance="0e3783" url="/api/zipdeploy" method="POST" >
  <step title="Updating shutdown sentinel last write time" date="2025-10-09T11:15:58.050" SemaphoreCount="7" /><!-- duration: 0ms -->
  <step title="LockFile &apos;C:\home\site\locks\deployments.lock&apos; acquired" date="2025-10-09T11:15:58.050" /><!-- duration: 16ms -->
  <step title="Creating temporary deployment" date="2025-10-09T11:15:58.066" /><!-- duration: 187ms -->
  <step title="Performing fetch based deployment" date="2025-10-09T11:15:58.253" >
    <step title="Fetching changes." date="2025-10-09T11:15:58.394" /><!-- duration: 15ms -->
    <step title="Starting LocalZipHandler" date="2025-10-09T11:15:58.425" /><!-- duration: 19ms -->
    <step title="Cleaning up temp folders from previous zip deployments and extracting pushed zip file C:\local\Temp\zipdeploy\gtju5p10.zip (6.22 MB) to C:\local\Temp\zipdeploy\extracted" date="2025-10-09T11:15:58.488" /><!-- duration: 0ms -->
    <step title="Cleaning up temp folders from previous zip deployments and extracting pushed zip file C:\local\Temp\zipdeploy\gtju5p10.zip (6.22 MB) to C:\local\Temp\zipdeploy\extracted" date="2025-10-09T11:15:58.488" >
      <step title="Extracting 613 entries to C:\local\Temp\zipdeploy\extracted directory" date="2025-10-09T11:15:59.037" >
        <step title="Extracting to C:\local\Temp\zipdeploy\extracted\App_Data\tickets.json ..." date="2025-10-09T11:15:59.037" /><!-- duration: 50ms -->
        <step title="Extracting to C:\local\Temp\zipdeploy\extracted\final-logs\deployments\latest.json ..." date="2025-10-09T11:15:59.097" /><!-- duration: 16ms -->
        <step title="Extracting to C:\local\Temp\zipdeploy\extracted\final-logs\LogFiles\MicrosoftDiagnosticServices\hostConfig.json ..." date="2025-10-09T11:15:59.113" /><!-- duration: 0ms -->
        <step title="Extracting to C:\local\Temp\zipdeploy\extracted\latest-logs\deployments\latest.json ..." date="2025-10-09T11:15:59.113" /><!-- duration: 16ms -->
        <step title="Extracting to C:\local\Temp\zipdeploy\extracted\latest-logs\LogFiles\MicrosoftDiagnosticServices\hostConfig.json ..." date="2025-10-09T11:15:59.128" /><!-- duration: 16ms -->
        <step title="Omitting extracting file traces ..." date="2025-10-09T11:15:59.144" /><!-- duration: 0ms -->
      </step><!-- duration: 2904ms -->
    </step><!-- duration: 3484ms -->
    <step title="Before sending BuildRequestReceived status to /api/updatedeploystatus" date="2025-10-09T11:16:01.992" /><!-- duration: 12ms -->
    <step title="DeploymentManager.Deploy(id:3d95de9a74f84b798545cb522bb03cc3)" date="2025-10-09T11:16:02.052" >
      <step title="Collecting changeset information" date="2025-10-09T11:16:02.082" /><!-- duration: 234ms -->
      <step title="Updating submodules" date="2025-10-09T11:16:02.334" >
        <step title="Updating submodules." date="2025-10-09T11:16:02.425" /><!-- duration: 19ms -->
      </step><!-- duration: 111ms -->
      <step title="Preparing deployment for commit id &apos;3d95de9a74&apos;." date="2025-10-09T11:16:02.615" /><!-- duration: 14ms -->
      <step title="Determining deployment builder" date="2025-10-09T11:16:02.725" >
        <step title="Builder is BasicBuilder" date="2025-10-09T11:16:02.756" /><!-- duration: 14ms -->
      </step><!-- duration: 60ms -->
      <step title="Copying SSH keys" date="2025-10-09T11:16:02.832" /><!-- duration: 34ms -->
      <step title="Building" date="2025-10-09T11:16:02.878" >
        <step title="Generating deployment script." date="2025-10-09T11:16:03.019" /><!-- duration: 18ms -->
        <step title="Generating deployment script" date="2025-10-09T11:16:03.037" >
          <step title="Using cached version of the deployment script for command: -y --no-dot-deployment -r &quot;C:\local\Temp\zipdeploy\extracted&quot; -o &quot;C:\home\site\deployments\tools&quot; --basic --sitePath &quot;C:\local\Temp\zipdeploy\extracted&quot;" date="2025-10-09T11:16:03.318" /><!-- duration: 13ms -->
          <step title="Using cached version of deployment script (command: &apos;azure -y --no-dot-deployment -r &quot;C:\local\Temp\zipdeploy\extracted&quot; -o &quot;C:\home\site\deployments\tools&quot; --basic --sitePath &quot;C:\local\Temp\zipdeploy\extracted&quot;&apos;)." date="2025-10-09T11:16:03.348" /><!-- duration: 30ms -->
        </step><!-- duration: 342ms -->
        <step title="Running deployment command..." date="2025-10-09T11:16:03.519" /><!-- duration: 20ms -->
        <step title="Command: &quot;C:\home\site\deployments\tools\deploy.cmd&quot;" date="2025-10-09T11:16:03.629" /><!-- duration: 0ms -->
        <step title="Executing external process" date="2025-10-09T11:16:03.707" type="process" path="starter.cmd" arguments="&quot;C:\home\site\deployments\tools\deploy.cmd&quot;" >
          <step title="Handling Basic Web Site deployment." date="2025-10-09T11:16:05.727" /><!-- duration: 11ms -->
          <step title="Creating app_offline.htm" date="2025-10-09T11:16:06.740" /><!-- duration: 0ms -->
          <step title="KuduSync.NET from: &apos;C:\local\Temp\zipdeploy\extracted&apos; to: &apos;C:\home\site\wwwroot&apos;" date="2025-10-09T11:16:06.898" /><!-- duration: 30ms -->
          <step title="Copying file: &apos;appsettings.json&apos;" date="2025-10-09T11:16:07.037" /><!-- duration: 170ms -->
          <step title="Copying file: &apos;SupportTicketsApi.deps.json&apos;" date="2025-10-09T11:16:07.550" /><!-- duration: 99ms -->
          <step title="Copying file: &apos;SupportTicketsApi.dll&apos;" date="2025-10-09T11:16:07.709" /><!-- duration: 50ms -->
          <step title="Copying file: &apos;SupportTicketsApi.exe&apos;" date="2025-10-09T11:16:07.820" /><!-- duration: 12ms -->
          <step title="Copying file: &apos;SupportTicketsApi.pdb&apos;" date="2025-10-09T11:16:08.004" /><!-- duration: 47ms -->
          <step title="Copying file: &apos;SupportTicketsApi.runtimeconfig.json&apos;" date="2025-10-09T11:16:08.222" /><!-- duration: 80ms -->
          <step title="Copying file: &apos;publish\appsettings.Development.json&apos;" date="2025-10-09T11:16:08.363" /><!-- duration: 20ms -->
          <step title="Copying file: &apos;publish\appsettings.json&apos;" date="2025-10-09T11:16:08.493" /><!-- duration: 111ms -->
          <step title="Copying file: &apos;publish\SupportTicketsApi.deps.json&apos;" date="2025-10-09T11:16:08.664" /><!-- duration: 152ms -->
          <step title="Copying file: &apos;publish\SupportTicketsApi.runtimeconfig.json&apos;" date="2025-10-09T11:16:08.895" /><!-- duration: 31ms -->
          <step title="Copying file: &apos;publish\SupportTicketsApi.staticwebassets.endpoints.json&apos;" date="2025-10-09T11:16:09.005" /><!-- duration: 30ms -->
          <step title="Copying file: &apos;publish\App_Data\tickets.json&apos;" date="2025-10-09T11:16:09.066" /><!-- duration: 31ms -->
          <step title="Copying file: &apos;publish\final-logs\deployments\latest.json&apos;" date="2025-10-09T11:16:09.115" /><!-- duration: 30ms -->
          <step title="Copying file: &apos;publish\final-logs\LogFiles\MicrosoftDiagnosticServices\hostConfig.json&apos;" date="2025-10-09T11:16:09.175" /><!-- duration: 0ms -->
          <step title="Copying file: &apos;publish\latest-logs\deployments\latest.json&apos;" date="2025-10-09T11:16:09.225" /><!-- duration: 30ms -->
          <step title="Copying file: &apos;publish\latest-logs\LogFiles\MicrosoftDiagnosticServices\hostConfig.json&apos;" date="2025-10-09T11:16:09.316" /><!-- duration: 20ms -->
          <step title="Copying file: &apos;publish\logs\deployments\latest.json&apos;" date="2025-10-09T11:16:09.366" /><!-- duration: 0ms -->
          <step title="Copying file: &apos;publish\logs\LogFiles\MicrosoftDiagnosticServices\hostConfig.json&apos;" date="2025-10-09T11:16:09.396" /><!-- duration: 30ms -->
          <step title="Copying file: &apos;publish\publish-auth\appsettings.Development.json&apos;" date="2025-10-09T11:16:09.457" /><!-- duration: 19ms -->
          <step title="Copying file: &apos;publish\publish-auth\appsettings.json&apos;" date="2025-10-09T11:16:09.519" /><!-- duration: 37ms -->
          <step title="Copying file: &apos;publish\publish-auth\SupportTicketsApi.deps.json&apos;" date="2025-10-09T11:16:09.567" /><!-- duration: 15ms -->
          <step title="Copying file: &apos;publish\publish-auth\SupportTicketsApi.runtimeconfig.json&apos;" date="2025-10-09T11:16:09.617" /><!-- duration: 12ms -->
          <step title="Copying file: &apos;publish\publish-auth\SupportTicketsApi.staticwebassets.endpoints.json&apos;" date="2025-10-09T11:16:09.660" /><!-- duration: 0ms -->
          <step title="Copying file: &apos;publish\publish-auth\App_Data\tickets.json&apos;" date="2025-10-09T11:16:09.677" /><!-- duration: 20ms -->
          <step title="Copying file: &apos;publish\publish-auth\final-logs\deployments\latest.json&apos;" date="2025-10-09T11:16:09.727" /><!-- duration: 11ms -->
          <step title="Copying file: &apos;publish\publish-auth\final-logs\LogFiles\MicrosoftDiagnosticServices\hostConfig.json&apos;" date="2025-10-09T11:16:09.769" /><!-- duration: 18ms -->
          <step title="Copying file: &apos;publish\publish-auth\latest-logs\deployments\latest.json&apos;" date="2025-10-09T11:16:09.838" /><!-- duration: 10ms -->
          <step title="Copying file: &apos;publish\publish-auth\latest-logs\LogFiles\MicrosoftDiagnosticServices\hostConfig.json&apos;" date="2025-10-09T11:16:09.879" /><!-- duration: 0ms -->
          <step title="Copying file: &apos;publish\publish-auth\logs\deployments\latest.json&apos;" date="2025-10-09T11:16:09.910" /><!-- duration: 0ms -->
          <step title="Copying file: &apos;publish\publish-auth\logs\LogFiles\MicrosoftDiagnosticServices\hostConfig.json&apos;" date="2025-10-09T11:16:09.941" /><!-- duration: 0ms -->
          <step title="Copying file: &apos;publish\publish-auth\publish\appsettings.Development.json&apos;" date="2025-10-09T11:16:09.972" /><!-- duration: 36ms -->
          <step title="Copying file: &apos;publish\publish-auth\publish\appsettings.json&apos;" date="2025-10-09T11:16:10.039" /><!-- duration: 12ms -->
          <step title="Copying file: &apos;publish\publish-auth\publish\SupportTicketsApi.deps.json&apos;" date="2025-10-09T11:16:10.050" /><!-- duration: 18ms -->
          <step title="Copying file: &apos;publish\publish-auth\publish\SupportTicketsApi.runtimeconfig.json&apos;" date="2025-10-09T11:16:10.129" /><!-- duration: 0ms -->
          <step title="Copying file: &apos;publish\publish-auth\publish\SupportTicketsApi.staticwebassets.endpoints.json&apos;" date="2025-10-09T11:16:10.160" /><!-- duration: 0ms -->
          <step title="Copying file: &apos;publish\publish-auth\publish\App_Data\tickets.json&apos;" date="2025-10-09T11:16:10.179" /><!-- duration: 12ms -->
          <step title="Copying file: &apos;publish\publish-auth\publish\final-logs\deployments\latest.json&apos;" date="2025-10-09T11:16:10.222" /><!-- duration: 0ms -->
          <step title="Copying file: &apos;publish\publish-auth\publish\final-logs\LogFiles\MicrosoftDiagnosticServices\hostConfig.json&apos;" date="2025-10-09T11:16:10.240" /><!-- duration: 14ms -->
          <step title="Copying file: &apos;publish\publish-auth\publish\latest-logs\deployments\latest.json&apos;" date="2025-10-09T11:16:10.270" /><!-- duration: 20ms -->
          <step title="Copying file: &apos;publish\publish-auth\publish\latest-logs\LogFiles\MicrosoftDiagnosticServices\hostConfig.json&apos;" date="2025-10-09T11:16:10.320" /><!-- duration: 0ms -->
          <step title="Copying file: &apos;publish\publish-auth\publish\logs\deployments\latest.json&apos;" date="2025-10-09T11:16:10.332" /><!-- duration: 19ms -->
          <step title="Copying file: &apos;publish\publish-auth\publish\logs\LogFiles\MicrosoftDiagnosticServices\hostConfig.json&apos;" date="2025-10-09T11:16:10.412" /><!-- duration: 30ms -->
          <step title="Copying file: &apos;publish\publish-auth\publish\publish-no-auth\appsettings.Development.json&apos;" date="2025-10-09T11:16:10.472" /><!-- duration: 31ms -->
          <step title="Copying file: &apos;publish\publish-auth\publish\publish-no-auth\appsettings.json&apos;" date="2025-10-09T11:16:10.553" /><!-- duration: 0ms -->
          <step title="Copying file: &apos;publish\publish-auth\publish\publish-no-auth\SupportTicketsApi.deps.json&apos;" date="2025-10-09T11:16:10.583" /><!-- duration: 15ms -->
          <step title="Copying file: &apos;publish\publish-auth\publish\publish-no-auth\SupportTicketsApi.runtimeconfig.json&apos;" date="2025-10-09T11:16:10.613" /><!-- duration: 0ms -->
          <step title="Copying file: &apos;publish\publish-auth\publish\publish-no-auth\SupportTicketsApi.staticwebassets.endpoints.json&apos;" date="2025-10-09T11:16:10.644" /><!-- duration: 0ms -->
          <step title="Copying file: &apos;publish\publish-auth\publish\publish-no-auth\App_Data\tickets.json&apos;" date="2025-10-09T11:16:10.675" /><!-- duration: 18ms -->
          <step title="Omitting next output lines..." date="2025-10-09T11:16:10.754" /><!-- duration: 0ms -->
          <step title="Finished successfully." date="2025-10-09T11:16:15.207" /><!-- duration: 18ms -->
        </step><!-- duration: 11531ms -->
        <step title="Running post deployment command(s)..." date="2025-10-09T11:16:15.347" /><!-- duration: 0ms -->
        <step title="Triggering recycle (preview mode disabled)." date="2025-10-09T11:16:15.488" /><!-- duration: 0ms -->
        <step title="Ignoring FS watcher based recycle request as this is a classic Windows app." date="2025-10-09T11:16:15.488" /><!-- duration: 16ms -->
        <step title="Deployment successful. DEPLOYMENTINFO: deploymentPath = ZipDeploy. Extract zip. , deployer = ZipDeploy, os = windows, sku = Basic, siteName = SaaliTicketsApiClean, siteHostName = saaliticketsapiclean.azurewebsites.net, deploymentStatus = Success" date="2025-10-09T11:16:15.597" /><!-- duration: 16ms -->
      </step><!-- duration: 12906ms -->
    </step><!-- duration: 13748ms -->
    <step title="Cleaning up temp files" date="2025-10-09T11:16:15.801" /><!-- duration: 16ms -->
    <step title="Skip function trigger and logicapp sync because function is not enabled." date="2025-10-09T11:16:15.832" /><!-- duration: 78ms -->
  </step><!-- duration: 17688ms -->
  <step title="LockFile &apos;C:\home\site\locks\deployments.lock&apos; released" date="2025-10-09T11:16:15.957" /><!-- duration: 0ms -->
  <step title="Deleting shutdown sentinel file" date="2025-10-09T11:16:15.972" SemaphoreCount="8" /><!-- duration: 0ms -->
</step><!-- duration: 18843ms -->
