<step title="Incoming Request" date="2025-10-08T17:40:17.285" instance="feca2f" url="/api/publish?type=zip" method="POST" type="request" pid="4352,2,14" Cache-Control="no-cache" Content-Length="6175512" Content-Type="application/octet-stream" Accept="*/*" Accept-Encoding="gzip, deflate" Authorization="Bea..." Host="saaliticketsapiclean.scm.azurewebsites.net" User-Agent="AZURECLI/2.65.0 (MSI)" x-ms-client-request-id="d6a733ab-a46d-11f0-ad1d-f8e43b758159" X-ARR-LOG-ID="d6a733ab-a46d-11f0-ad1d-f8e43b758159" CLIENT-IP="45.86.89.182:61971" X-SITE-DEPLOYMENT-ID="SaaliTicketsApiClean" WAS-DEFAULT-HOSTNAME="saaliticketsapiclean.scm.azurewebsites.net" X-Forwarded-Proto="https" X-AppService-Proto="https" X-Forwarded-TlsVersion="1.3" X-WAWS-Unencoded-URL="/api/publish?type=zip" >
  <step title="Cleanup Xml Logs" date="2025-10-08T17:40:17.297" /><!-- duration: 31ms -->
  <step title="OneDeploy" date="2025-10-08T17:40:17.345" >
    <step title="Starting PushDeployAsync" date="2025-10-08T17:40:17.365" /><!-- duration: 0ms -->
    <step title="Updating shutdown sentinel last write time" date="2025-10-08T17:40:17.375" SemaphoreCount="7" /><!-- duration: 0ms -->
    <step title="LockFile &apos;C:\home\site\locks\deployments.lock&apos; acquired" date="2025-10-08T17:40:17.424" /><!-- duration: 14ms -->
    <step title="Saving request content to C:\local\Temp\zipdeploy\sxorul4u.zip" date="2025-10-08T17:40:17.438" >
      <step title="Total 6,175,512 bytes written to C:\local\Temp\zipdeploy\sxorul4u.zip" date="2025-10-08T17:40:17.554" /><!-- duration: 10ms -->
    </step><!-- duration: 126ms -->
    <step title="LockFile &apos;C:\home\site\locks\deployments.lock&apos; released" date="2025-10-08T17:40:17.564" /><!-- duration: 20ms -->
    <step title="Deleting shutdown sentinel file" date="2025-10-08T17:40:17.583" SemaphoreCount="8" /><!-- duration: 11ms -->
    <step title="Starting FetchDeploy" date="2025-10-08T17:40:17.594" /><!-- duration: 0ms -->
    <step title="Attempting to fetch target branch HEAD" date="2025-10-08T17:40:17.613" /><!-- duration: 0ms -->
    <step title="Updating shutdown sentinel last write time" date="2025-10-08T17:40:17.625" SemaphoreCount="7" /><!-- duration: 17ms -->
    <step title="LockFile &apos;C:\home\site\locks\deployments.lock&apos; acquired" date="2025-10-08T17:40:17.643" /><!-- duration: 14ms -->
    <step title="Performing fetch based deployment" date="2025-10-08T17:40:17.657" >
      <step title="Creating temporary deployment" date="2025-10-08T17:40:17.673" /><!-- duration: 31ms -->
      <step title="Fetching changes." date="2025-10-08T17:40:17.782" /><!-- duration: 15ms -->
      <step title="Starting LocalZipHandler" date="2025-10-08T17:40:17.797" /><!-- duration: 0ms -->
      <step title="Starting LocalZipFetch" date="2025-10-08T17:40:17.813" /><!-- duration: 0ms -->
      <step title="Cleaning up temp folders from previous zip deployments and extracting pushed zip file C:\local\Temp\zipdeploy\sxorul4u.zip (5.89 MB) to C:\local\Temp\zipdeploy\extracted" date="2025-10-08T17:40:17.832" /><!-- duration: 0ms -->
      <step title="Cleaning up temp folders from previous zip deployments and extracting pushed zip file C:\local\Temp\zipdeploy\sxorul4u.zip (5.89 MB) to C:\local\Temp\zipdeploy\extracted" date="2025-10-08T17:40:17.844" >
        <step title="Renaming extractTargetDirectory(C:\local\Temp\zipdeploy\extracted) to tempDirectory(C:\local\Temp\zipdeploy\nq10qwep.x2c)" date="2025-10-08T17:40:17.844" /><!-- duration: 18ms -->
        <step title="Extracting 326 entries to C:\local\Temp\zipdeploy\extracted directory" date="2025-10-08T17:40:17.875" >
          <step title="Extracting to C:\local\Temp\zipdeploy\extracted\App_Data\tickets.json ..." date="2025-10-08T17:40:18.083" /><!-- duration: 12ms -->
          <step title="Extracting to C:\local\Temp\zipdeploy\extracted\final-logs\deployments\latest.json ..." date="2025-10-08T17:40:18.113" /><!-- duration: 0ms -->
          <step title="Extracting to C:\local\Temp\zipdeploy\extracted\final-logs\LogFiles\MicrosoftDiagnosticServices\hostConfig.json ..." date="2025-10-08T17:40:18.125" /><!-- duration: 17ms -->
          <step title="Extracting to C:\local\Temp\zipdeploy\extracted\latest-logs\deployments\latest.json ..." date="2025-10-08T17:40:18.143" /><!-- duration: 20ms -->
          <step title="Extracting to C:\local\Temp\zipdeploy\extracted\latest-logs\LogFiles\MicrosoftDiagnosticServices\hostConfig.json ..." date="2025-10-08T17:40:18.173" /><!-- duration: 0ms -->
          <step title="Omitting extracting file traces ..." date="2025-10-08T17:40:18.173" /><!-- duration: 203ms -->
        </step><!-- duration: 2187ms -->
      </step><!-- duration: 2348ms -->
      <step title="None repository commit" date="2025-10-08T17:40:20.235" >
        <step title="Commit id: ae3cf0497b274e42a0af75829e8f93c6" date="2025-10-08T17:40:20.252" Message="OneDeploy" AuthorName="N/A" AuthorEmail="N/A" /><!-- duration: 20ms -->
      </step><!-- duration: 48ms -->
      <step title="Before sending BuildRequestReceived status to /api/updatedeploystatus" date="2025-10-08T17:40:20.282" /><!-- duration: 15ms -->
      <step title="DeploymentManager.Deploy(id:ae3cf0497b274e42a0af75829e8f93c6)" date="2025-10-08T17:40:20.313" >
        <step title="Collecting changeset information" date="2025-10-08T17:40:20.332" /><!-- duration: 43ms -->
        <step title="Updating submodules" date="2025-10-08T17:40:20.375" >
          <step title="Updating submodules." date="2025-10-08T17:40:20.438" /><!-- duration: 16ms -->
        </step><!-- duration: 109ms -->
        <step title="Preparing deployment for commit id &apos;ae3cf0497b&apos;." date="2025-10-08T17:40:20.532" /><!-- duration: 0ms -->
        <step title="Determining deployment builder" date="2025-10-08T17:40:20.612" >
          <step title="Builder is OneDeployBuilder" date="2025-10-08T17:40:20.612" /><!-- duration: 0ms -->
        </step><!-- duration: 13ms -->
        <step title="Copying SSH keys" date="2025-10-08T17:40:20.642" /><!-- duration: 0ms -->
        <step title="Building" date="2025-10-08T17:40:20.662" >
          <step title="Running build. Project type: OneDeploy" date="2025-10-08T17:40:20.722" /><!-- duration: 0ms -->
          <step title="Copying the manifest" date="2025-10-08T17:40:20.782" /><!-- duration: 0ms -->
          <step title="Clean deploying to C:\home\site\wwwroot" date="2025-10-08T17:40:20.862" /><!-- duration: 0ms -->
          <step title="Generating deployment script." date="2025-10-08T17:40:20.953" /><!-- duration: 0ms -->
          <step title="Generating deployment script" date="2025-10-08T17:40:20.969" >
            <step title="Using cached version of the deployment script for command: -y --no-dot-deployment -r &quot;C:\local\Temp\zipdeploy\extracted&quot; -o &quot;C:\home\site\deployments\tools&quot; --basic --sitePath &quot;C:\local\Temp\zipdeploy\extracted&quot;" date="2025-10-08T17:40:21.002" /><!-- duration: 0ms -->
            <step title="Using cached version of deployment script (command: &apos;azure -y --no-dot-deployment -r &quot;C:\local\Temp\zipdeploy\extracted&quot; -o &quot;C:\home\site\deployments\tools&quot; --basic --sitePath &quot;C:\local\Temp\zipdeploy\extracted&quot;&apos;)." date="2025-10-08T17:40:21.032" /><!-- duration: 0ms -->
          </step><!-- duration: 78ms -->
          <step title="Running deployment command..." date="2025-10-08T17:40:21.110" /><!-- duration: 0ms -->
          <step title="Command: &quot;C:\home\site\deployments\tools\deploy.cmd&quot;" date="2025-10-08T17:40:21.125" /><!-- duration: 0ms -->
          <step title="Executing external process" date="2025-10-08T17:40:21.125" type="process" path="starter.cmd" arguments="&quot;C:\home\site\deployments\tools\deploy.cmd&quot;" >
            <step title="Handling Basic Web Site deployment." date="2025-10-08T17:40:21.578" /><!-- duration: 18ms -->
            <step title="Creating app_offline.htm" date="2025-10-08T17:40:26.065" /><!-- duration: 0ms -->
            <step title="KuduSync.NET from: &apos;C:\local\Temp\zipdeploy\extracted&apos; to: &apos;C:\home\site\wwwroot&apos;" date="2025-10-08T17:40:26.096" /><!-- duration: 0ms -->
            <step title="Copying file: &apos;SupportTicketsApi.dll&apos;" date="2025-10-08T17:40:26.113" /><!-- duration: 20ms -->
            <step title="Copying file: &apos;SupportTicketsApi.exe&apos;" date="2025-10-08T17:40:26.163" /><!-- duration: 0ms -->
            <step title="Copying file: &apos;SupportTicketsApi.pdb&apos;" date="2025-10-08T17:40:26.174" /><!-- duration: 0ms -->
            <step title="Deleting app_offline.htm" date="2025-10-08T17:40:26.190" /><!-- duration: 0ms -->
            <step title="Finished successfully." date="2025-10-08T17:40:26.205" /><!-- duration: 0ms -->
          </step><!-- duration: 5096ms -->
          <step title="Build completed succesfully." date="2025-10-08T17:40:26.252" /><!-- duration: 0ms -->
          <step title="Running post deployment command(s)..." date="2025-10-08T17:40:26.332" /><!-- duration: 14ms -->
          <step title="Requesting site restart" date="2025-10-08T17:40:26.440" /><!-- duration: 0ms -->
          <step title="Requesting site restart" date="2025-10-08T17:40:26.440" /><!-- duration: 0ms -->
          <step title="Requesting site restart. Attempt #1" date="2025-10-08T17:40:26.502" /><!-- duration: 0ms -->
          <step title="Requesting site restart. Attempt #1" date="2025-10-08T17:40:26.518" /><!-- duration: 0ms -->
          <step title="Successfully requested a restart. Attempt #1" date="2025-10-08T17:40:26.643" /><!-- duration: 18ms -->
          <step title="Successfully requested a restart. Attempt #1" date="2025-10-08T17:40:26.660" /><!-- duration: 0ms -->
          <step title="Deployment successful. DEPLOYMENTINFO: deploymentPath = OneDeploy, deployer = OneDeploy, os = windows, sku = Basic, siteName = SaaliTicketsApiClean, siteHostName = saaliticketsapiclean.azurewebsites.net, deploymentStatus = Success" date="2025-10-08T17:40:26.705" /><!-- duration: 0ms -->
        </step><!-- duration: 6168ms -->
      </step><!-- duration: 6518ms -->
      <step title="Cleaning up temp files" date="2025-10-08T17:40:26.850" /><!-- duration: 0ms -->
      <step title="Skip function trigger and logicapp sync because function is not enabled." date="2025-10-08T17:40:26.880" /><!-- duration: 0ms -->
    </step><!-- duration: 9299ms -->
    <step title="LockFile &apos;C:\home\site\locks\deployments.lock&apos; released" date="2025-10-08T17:40:26.955" /><!-- duration: 0ms -->
    <step title="Deleting shutdown sentinel file" date="2025-10-08T17:40:26.971" SemaphoreCount="8" /><!-- duration: 0ms -->
  </step><!-- duration: 9626ms -->
  <step title="Outgoing response" date="2025-10-08T17:40:26.990" type="response" statusCode="200" statusText="OK" Server="Microsoft-IIS/10.0" x-ms-request-id="d6a733ab-a46d-11f0-ad1d-f8e43b758159" Cache-Control="private" X-AspNet-Version="4.0.30319" /><!-- duration: 0ms -->
</step><!-- duration: 9717ms -->
