﻿<?xml version="1.0" encoding="utf-8"?>
<deployment>
  <id>ae3cf0497b274e42a0af75829e8f93c6</id>
  <author>N/A</author>
  <deployer>OneDeploy</deployer>
  <authorEmail>N/A</authorEmail>
  <message>OneDeploy</message>
  <progress></progress>
  <status>Success</status>
  <statusText></statusText>
  <lastSuccessEndTime>2025-10-08T17:40:26.7409364Z</lastSuccessEndTime>
  <receivedTime>2025-10-08T17:40:20.3445879Z</receivedTime>
  <startTime>2025-10-08T17:40:20.5829007Z</startTime>
  <endTime>2025-10-08T17:40:26.7409364Z</endTime>
  <complete>True</complete>
  <is_temp>False</is_temp>
  <is_readonly>True</is_readonly>
  <project_type>OneDeploy</project_type>
  <vsproject_id></vsproject_id>
</deployment>